WE_41B884,youssef,STUDBME2,CMP_LAB3,El-modarag,STUDBME1,CMP_LAB4,CMP_LAB2,ARC3,Sbme-Staff,CMP_LAB1,El-lab,Mo_Hamza,Farouk,RehabLab,Gamil,TP-Link_463C,redmi,ARC1,location
-65,-100.0,-56,-100,-100.0,-74.0,-100.0,-100.0,-100.0,-100.0,-100.0,-48.0,-70.0,-100.0,-100.0,-100.0,-100.0,-100.0,-100.0,12
-82,-77.0,-79,-100,-75.0,-66.0,-100.0,-83.0,-100.0,-100.0,-100.0,-100.0,-100.0,-100.0,-100.0,-100.0,-100.0,-100.0,-100.0,8
-51,-100.0,-52,-100,-100.0,-46.0,-100.0,-100.0,-100.0,-100.0,-100.0,-70.0,-100.0,-100.0,-84.0,-87.0,-100.0,-100.0,-100.0,9
-57,-100.0,-59,-100,-100.0,-100.0,-47.0,-100.0,-100.0,-100.0,-45.0,-100.0,-100.0,-59.0,-100.0,-100.0,-100.0,-100.0,-100.0,11
-73,-80.0,-69,-100,-71.0,-100.0,-100.0,-100.0,-100.0,-100.0,-100.0,-100.0,-100.0,-100.0,-100.0,-100.0,-100.0,-100.0,-100.0,7
-72,-100.0,-74,-100,-80.0,-68.0,-100.0,-100.0,-78.0,-100.0,-100.0,-100.0,-100.0,-100.0,-100.0,-100.0,-100.0,-100.0,-100.0,6
-44,-91.0,-48,-100,-100.0,-59.0,-54.0,-100.0,-100.0,-100.0,-100.0,-100.0,-100.0,-100.0,-100.0,-100.0,-100.0,-100.0,-100.0,9
-68,-75.0,-68,-72,-75.0,-69.0,-100.0,-100.0,-100.0,-100.0,-72.0,-100.0,-100.0,-100.0,-100.0,-77.0,-100.0,-100.0,-100.0,8
-67,-100.0,-71,-100,-65.0,-49.0,-100.0,-100.0,-100.0,-100.0,-100.0,-100.0,-100.0,-100.0,-100.0,-65.0,-100.0,-100.0,-100.0,5
-53,-100.0,-48,-56,-100.0,-100.0,-100.0,-100.0,-100.0,-100.0,-100.0,-100.0,-100.0,-57.0,-100.0,-100.0,-100.0,-100.0,-100.0,10
-59,-100.0,-66,-73,-100.0,-100.0,-100.0,-100.0,-100.0,-100.0,-100.0,-45.0,-60.0,-100.0,-100.0,-100.0,-100.0,-100.0,-100.0,12
-55,-73.0,-65,-70,-69.0,-54.0,-100.0,-100.0,-100.0,-100.0,-65.0,-100.0,-100.0,-100.0,-100.0,-100.0,-100.0,-100.0,-100.0,7
-69,-100.0,-63,-100,-73.0,-46.0,-85.0,-100.0,-63.0,-83.0,-100.0,-100.0,-100.0,-100.0,-100.0,-59.0,-100.0,-100.0,-79.0,5
-49,-79.0,-53,-100,-100.0,-50.0,-57.0,-59.0,-100.0,-100.0,-100.0,-100.0,-100.0,-66.0,-100.0,-88.0,-100.0,-100.0,-100.0,9
-81,-67.0,-74,-84,-70.0,-67.0,-100.0,-100.0,-100.0,-100.0,-86.0,-100.0,-100.0,-100.0,-100.0,-90.0,-100.0,-100.0,-100.0,8
-39,-100.0,-43,-61,-100.0,-55.0,-63.0,-62.0,-100.0,-100.0,-100.0,-74.0,-100.0,-73.0,-100.0,-100.0,-100.0,-100.0,-100.0,9
-89,-64.0,-82,-79,-71.0,-72.0,-100.0,-79.0,-100.0,-100.0,-100.0,-100.0,-100.0,-100.0,-100.0,-82.0,-100.0,-100.0,-100.0,8
-55,-100.0,-57,-100,-100.0,-69.0,-100.0,-100.0,-100.0,-100.0,-100.0,-100.0,-100.0,-54.0,-60.0,-100.0,-100.0,-100.0,-100.0,11
-64,-100.0,-58,-76,-100.0,-100.0,-100.0,-100.0,-100.0,-100.0,-100.0,-54.0,-64.0,-100.0,-100.0,-100.0,-100.0,-100.0,-100.0,13
-37,-100.0,-47,-54,-100.0,-57.0,-54.0,-100.0,-100.0,-100.0,-100.0,-100.0,-100.0,-70.0,-100.0,-100.0,-100.0,-100.0,-100.0,9
-45,-100.0,-45,-53,-100.0,-57.0,-54.0,-100.0,-100.0,-100.0,-100.0,-100.0,-100.0,-100.0,-100.0,-100.0,-100.0,-100.0,-100.0,9
-47,-100.0,-51,-56,-100.0,-100.0,-100.0,-100.0,-100.0,-100.0,-55.0,-69.0,-100.0,-75.0,-100.0,-100.0,-100.0,-100.0,-100.0,9
-51,-100.0,-49,-100,-100.0,-100.0,-100.0,-100.0,-100.0,-100.0,-100.0,-100.0,-100.0,-100.0,-100.0,-100.0,-100.0,-100.0,-100.0,13
-66,-100.0,-52,-100,-100.0,-100.0,-100.0,-100.0,-100.0,-100.0,-74.0,-49.0,-65.0,-100.0,-100.0,-100.0,-100.0,-100.0,-100.0,12
-58,-100.0,-55,-39,-100.0,-60.0,-100.0,-39.0,-100.0,-100.0,-41.0,-100.0,-100.0,-100.0,-70.0,-100.0,-100.0,-100.0,-100.0,11
-65,-86.0,-69,-77,-100.0,-67.0,-100.0,-100.0,-81.0,-100.0,-100.0,-100.0,-100.0,-100.0,-100.0,-100.0,-100.0,-100.0,-100.0,6
-60,-100.0,-55,-74,-100.0,-100.0,-100.0,-75.0,-100.0,-100.0,-75.0,-56.0,-100.0,-100.0,-100.0,-100.0,-100.0,-100.0,-100.0,13
-73,-89.0,-81,-100,-85.0,-100.0,-100.0,-100.0,-77.0,-100.0,-100.0,-100.0,-100.0,-100.0,-100.0,-100.0,-96.0,-100.0,-100.0,6
-68,-100.0,-53,-100,-100.0,-75.0,-100.0,-69.0,-100.0,-100.0,-100.0,-50.0,-72.0,-100.0,-100.0,-100.0,-100.0,-100.0,-100.0,12
-69,-89.0,-66,-100,-77.0,-100.0,-100.0,-100.0,-80.0,-100.0,-100.0,-100.0,-100.0,-100.0,-100.0,-100.0,-100.0,-100.0,-100.0,6
-60,-100.0,-59,-50,-100.0,-72.0,-49.0,-51.0,-100.0,-100.0,-49.0,-100.0,-76.0,-44.0,-78.0,-100.0,-100.0,-100.0,-100.0,11
-55,-100.0,-47,-100,-100.0,-71.0,-100.0,-42.0,-100.0,-100.0,-41.0,-100.0,-71.0,-56.0,-100.0,-100.0,-100.0,-100.0,-100.0,11
-63,-81.0,-70,-100,-100.0,-58.0,-100.0,-72.0,-100.0,-100.0,-73.0,-100.0,-100.0,-100.0,-100.0,-100.0,-100.0,-100.0,-100.0,7
-68,-100.0,-63,-72,-100.0,-100.0,-72.0,-100.0,-100.0,-100.0,-73.0,-49.0,-70.0,-100.0,-100.0,-100.0,-100.0,-100.0,-100.0,12
-56,-80.0,-57,-100,-100.0,-51.0,-100.0,-100.0,-100.0,-100.0,-100.0,-100.0,-100.0,-100.0,-100.0,-100.0,-100.0,-100.0,-100.0,7
-58,-100.0,-58,-100,-100.0,-58.0,-100.0,-100.0,-100.0,-100.0,-100.0,-100.0,-100.0,-57.0,-75.0,-100.0,-100.0,-100.0,-100.0,10
-74,-85.0,-70,-73,-77.0,-70.0,-100.0,-100.0,-100.0,-100.0,-100.0,-100.0,-100.0,-100.0,-100.0,-100.0,-95.0,-100.0,-100.0,6
-71,-73.0,-65,-76,-72.0,-100.0,-100.0,-100.0,-100.0,-100.0,-100.0,-100.0,-100.0,-100.0,-100.0,-100.0,-100.0,-100.0,-100.0,8
-74,-80.0,-74,-79,-100.0,-65.0,-78.0,-78.0,-100.0,-100.0,-100.0,-100.0,-100.0,-100.0,-100.0,-100.0,-100.0,-100.0,-100.0,8
-44,-89.0,-49,-100,-100.0,-51.0,-100.0,-64.0,-100.0,-100.0,-100.0,-100.0,-100.0,-100.0,-100.0,-100.0,-100.0,-100.0,-100.0,9
-41,-90.0,-53,-58,-100.0,-62.0,-60.0,-60.0,-100.0,-100.0,-100.0,-100.0,-100.0,-66.0,-77.0,-100.0,-100.0,-100.0,-100.0,9
-87,-94.0,-81,-100,-86.0,-100.0,-100.0,-100.0,-100.0,-100.0,-100.0,-100.0,-100.0,-100.0,-100.0,-100.0,-93.0,-100.0,-100.0,6
-52,-100.0,-49,-100,-100.0,-100.0,-100.0,-52.0,-100.0,-100.0,-100.0,-100.0,-100.0,-66.0,-69.0,-100.0,-100.0,-100.0,-100.0,10
-67,-100.0,-56,-100,-100.0,-100.0,-100.0,-78.0,-100.0,-100.0,-77.0,-49.0,-69.0,-84.0,-100.0,-100.0,-100.0,-100.0,-100.0,12
-64,-100.0,-54,-100,-66.0,-49.0,-100.0,-100.0,-65.0,-100.0,-100.0,-100.0,-100.0,-100.0,-100.0,-70.0,-100.0,-100.0,-100.0,5
-66,-77.0,-67,-100,-71.0,-70.0,-79.0,-100.0,-100.0,-100.0,-100.0,-100.0,-100.0,-100.0,-100.0,-100.0,-100.0,-100.0,-100.0,8
-47,-100.0,-53,-100,-69.0,-100.0,-60.0,-100.0,-74.0,-100.0,-100.0,-100.0,-100.0,-100.0,-100.0,-100.0,-100.0,-100.0,-100.0,7
-73,-100.0,-72,-100,-100.0,-100.0,-100.0,-100.0,-100.0,-100.0,-100.0,-45.0,-100.0,-100.0,-100.0,-100.0,-100.0,-100.0,-100.0,12
-59,-100.0,-56,-100,-100.0,-100.0,-100.0,-100.0,-100.0,-100.0,-76.0,-58.0,-61.0,-100.0,-100.0,-100.0,-100.0,-100.0,-100.0,13
-77,-82.0,-70,-100,-73.0,-100.0,-75.0,-100.0,-100.0,-100.0,-75.0,-100.0,-100.0,-100.0,-100.0,-100.0,-100.0,-100.0,-100.0,8
-65,-100.0,-55,-100,-100.0,-100.0,-100.0,-75.0,-100.0,-100.0,-100.0,-67.0,-69.0,-81.0,-100.0,-100.0,-100.0,-100.0,-100.0,12
-59,-100.0,-53,-100,-100.0,-100.0,-48.0,-100.0,-100.0,-100.0,-100.0,-100.0,-79.0,-55.0,-71.0,-100.0,-100.0,-100.0,-100.0,11
-72,-88.0,-75,-100,-100.0,-64.0,-100.0,-100.0,-75.0,-100.0,-100.0,-100.0,-100.0,-100.0,-100.0,-100.0,-100.0,-100.0,-100.0,6
-80,-92.0,-75,-100,-71.0,-46.0,-77.0,-100.0,-61.0,-77.0,-100.0,-100.0,-100.0,-100.0,-100.0,-100.0,-100.0,-100.0,-83.0,5
-66,-100.0,-100,-73,-65.0,-44.0,-100.0,-73.0,-100.0,-100.0,-71.0,-100.0,-100.0,-100.0,-100.0,-74.0,-100.0,-100.0,-100.0,5
-43,-100.0,-47,-100,-100.0,-56.0,-51.0,-50.0,-100.0,-100.0,-51.0,-72.0,-100.0,-100.0,-100.0,-100.0,-100.0,-100.0,-100.0,9
-79,-100.0,-100,-100,-86.0,-75.0,-100.0,-100.0,-100.0,-100.0,-100.0,-100.0,-100.0,-100.0,-100.0,-100.0,-100.0,-100.0,-100.0,6
-60,-100.0,-56,-100,-100.0,-66.0,-100.0,-51.0,-100.0,-100.0,-100.0,-100.0,-100.0,-55.0,-66.0,-100.0,-100.0,-100.0,-100.0,11
-74,-64.0,-79,-81,-76.0,-72.0,-100.0,-100.0,-100.0,-100.0,-100.0,-100.0,-100.0,-100.0,-100.0,-100.0,-100.0,-100.0,-100.0,8
-42,-100.0,-49,-100,-100.0,-51.0,-68.0,-100.0,-100.0,-100.0,-100.0,-100.0,-100.0,-100.0,-100.0,-100.0,-100.0,-100.0,-100.0,9
-67,-81.0,-73,-100,-83.0,-68.0,-100.0,-100.0,-100.0,-100.0,-100.0,-100.0,-100.0,-100.0,-100.0,-100.0,-100.0,-100.0,-100.0,6
-52,-83.0,-48,-100,-100.0,-55.0,-100.0,-63.0,-100.0,-100.0,-62.0,-83.0,-100.0,-69.0,-100.0,-100.0,-100.0,-100.0,-100.0,9
-63,-100.0,-56,-69,-100.0,-100.0,-72.0,-69.0,-100.0,-100.0,-70.0,-52.0,-60.0,-100.0,-100.0,-100.0,-100.0,-100.0,-100.0,13
-56,-78.0,-64,-100,-100.0,-48.0,-100.0,-100.0,-79.0,-100.0,-100.0,-100.0,-100.0,-100.0,-100.0,-100.0,-100.0,-100.0,-100.0,7
-67,-100.0,-56,-100,-100.0,-100.0,-100.0,-100.0,-100.0,-100.0,-100.0,-44.0,-62.0,-90.0,-100.0,-100.0,-100.0,-100.0,-100.0,12
-65,-82.0,-64,-100,-70.0,-43.0,-100.0,-100.0,-73.0,-100.0,-100.0,-100.0,-100.0,-100.0,-84.0,-68.0,-100.0,-100.0,-100.0,5
-44,-89.0,-46,-57,-100.0,-66.0,-100.0,-57.0,-100.0,-100.0,-57.0,-69.0,-100.0,-65.0,-86.0,-100.0,-100.0,-100.0,-100.0,9
-64,-100.0,-56,-100,-74.0,-44.0,-100.0,-100.0,-69.0,-100.0,-100.0,-100.0,-100.0,-100.0,-100.0,-100.0,-100.0,-100.0,-100.0,7
-62,-93.0,-57,-100,-66.0,-44.0,-100.0,-100.0,-68.0,-75.0,-100.0,-100.0,-100.0,-100.0,-100.0,-61.0,-100.0,-100.0,-100.0,5
-46,-100.0,-48,-58,-100.0,-56.0,-55.0,-100.0,-100.0,-100.0,-100.0,-69.0,-100.0,-59.0,-74.0,-100.0,-100.0,-100.0,-100.0,9
-51,-100.0,-47,-100,-100.0,-64.0,-100.0,-100.0,-100.0,-100.0,-46.0,-65.0,-72.0,-60.0,-100.0,-100.0,-100.0,-100.0,-100.0,10
-76,-93.0,-70,-100,-59.0,-48.0,-100.0,-83.0,-65.0,-100.0,-82.0,-100.0,-100.0,-100.0,-100.0,-72.0,-100.0,-100.0,-100.0,5
-73,-77.0,-71,-100,-74.0,-69.0,-100.0,-100.0,-100.0,-100.0,-82.0,-100.0,-100.0,-100.0,-100.0,-100.0,-100.0,-100.0,-100.0,8
-76,-75.0,-72,-100,-71.0,-71.0,-100.0,-100.0,-100.0,-100.0,-100.0,-100.0,-100.0,-100.0,-100.0,-100.0,-100.0,-100.0,-100.0,8
-63,-100.0,-54,-100,-100.0,-100.0,-100.0,-100.0,-100.0,-100.0,-100.0,-55.0,-77.0,-100.0,-100.0,-100.0,-100.0,-100.0,-100.0,13
-73,-100.0,-60,-100,-100.0,-100.0,-100.0,-100.0,-100.0,-100.0,-100.0,-46.0,-100.0,-100.0,-100.0,-100.0,-100.0,-100.0,-100.0,12
-65,-100.0,-70,-100,-100.0,-43.0,-100.0,-100.0,-100.0,-100.0,-100.0,-100.0,-100.0,-100.0,-100.0,-64.0,-100.0,-100.0,-100.0,5
-83,-73.0,-73,-100,-77.0,-72.0,-73.0,-100.0,-100.0,-100.0,-100.0,-100.0,-100.0,-100.0,-100.0,-100.0,-100.0,-100.0,-100.0,8
-51,-100.0,-57,-100,-100.0,-69.0,-100.0,-49.0,-100.0,-100.0,-47.0,-100.0,-100.0,-71.0,-56.0,-100.0,-100.0,-100.0,-100.0,11
-68,-77.0,-70,-76,-79.0,-100.0,-100.0,-100.0,-100.0,-100.0,-100.0,-100.0,-100.0,-100.0,-100.0,-100.0,-100.0,-100.0,-100.0,6
-47,-82.0,-47,-63,-100.0,-50.0,-100.0,-63.0,-100.0,-100.0,-100.0,-100.0,-100.0,-68.0,-100.0,-100.0,-100.0,-100.0,-100.0,9
-64,-100.0,-56,-100,-100.0,-100.0,-72.0,-100.0,-100.0,-100.0,-100.0,-58.0,-100.0,-100.0,-100.0,-100.0,-100.0,-100.0,-100.0,13
-61,-100.0,-57,-48,-100.0,-100.0,-100.0,-100.0,-100.0,-100.0,-48.0,-100.0,-100.0,-53.0,-100.0,-100.0,-100.0,-100.0,-100.0,11
-59,-100.0,-54,-100,-100.0,-100.0,-43.0,-100.0,-100.0,-100.0,-43.0,-100.0,-100.0,-67.0,-65.0,-100.0,-100.0,-100.0,-100.0,11
-41,-100.0,-39,-100,-100.0,-48.0,-100.0,-57.0,-100.0,-100.0,-60.0,-100.0,-100.0,-100.0,-100.0,-100.0,-100.0,-100.0,-100.0,9
-52,-100.0,-51,-57,-100.0,-63.0,-100.0,-55.0,-100.0,-100.0,-100.0,-67.0,-100.0,-63.0,-65.0,-100.0,-100.0,-100.0,-100.0,10
-73,-74.0,-77,-100,-69.0,-100.0,-87.0,-100.0,-100.0,-100.0,-100.0,-100.0,-100.0,-100.0,-100.0,-77.0,-100.0,-100.0,-100.0,8
-64,-100.0,-55,-100,-100.0,-61.0,-100.0,-100.0,-100.0,-100.0,-48.0,-100.0,-100.0,-55.0,-100.0,-100.0,-100.0,-100.0,-100.0,10
-75,-62.0,-78,-76,-71.0,-67.0,-100.0,-100.0,-100.0,-100.0,-100.0,-100.0,-100.0,-100.0,-100.0,-78.0,-100.0,-100.0,-100.0,8
-70,-100.0,-68,-71,-66.0,-44.0,-100.0,-100.0,-57.0,-72.0,-100.0,-100.0,-100.0,-100.0,-91.0,-63.0,-100.0,-94.0,-74.0,5
-68,-71.0,-68,-75,-100.0,-64.0,-100.0,-100.0,-100.0,-100.0,-73.0,-100.0,-100.0,-100.0,-100.0,-100.0,-100.0,-100.0,-100.0,8
-55,-100.0,-40,-100,-100.0,-100.0,-100.0,-100.0,-100.0,-100.0,-100.0,-100.0,-100.0,-61.0,-100.0,-100.0,-100.0,-100.0,-100.0,10
-49,-91.0,-48,-61,-100.0,-100.0,-100.0,-69.0,-100.0,-100.0,-100.0,-100.0,-100.0,-100.0,-76.0,-100.0,-100.0,-100.0,-100.0,9
-73,-75.0,-75,-100,-69.0,-73.0,-83.0,-100.0,-100.0,-100.0,-100.0,-100.0,-100.0,-100.0,-100.0,-100.0,-100.0,-100.0,-100.0,8
-52,-100.0,-45,-100,-100.0,-100.0,-100.0,-100.0,-100.0,-100.0,-100.0,-100.0,-100.0,-100.0,-100.0,-100.0,-100.0,-100.0,-100.0,10
-67,-90.0,-77,-100,-100.0,-39.0,-100.0,-100.0,-100.0,-77.0,-100.0,-100.0,-100.0,-100.0,-100.0,-64.0,-100.0,-100.0,-100.0,5
-54,-88.0,-53,-65,-100.0,-54.0,-67.0,-66.0,-100.0,-88.0,-66.0,-100.0,-100.0,-79.0,-100.0,-80.0,-100.0,-100.0,-100.0,5
-76,-83.0,-81,-85,-82.0,-75.0,-84.0,-100.0,-79.0,-100.0,-100.0,-100.0,-100.0,-100.0,-100.0,-100.0,-100.0,-100.0,-100.0,6
-50,-73.0,-57,-100,-100.0,-50.0,-100.0,-62.0,-100.0,-100.0,-100.0,-100.0,-100.0,-100.0,-100.0,-100.0,-100.0,-100.0,-100.0,7
-55,-100.0,-52,-100,-100.0,-100.0,-100.0,-100.0,-100.0,-100.0,-49.0,-100.0,-71.0,-100.0,-100.0,-100.0,-100.0,-100.0,-100.0,10
-78,-94.0,-81,-100,-100.0,-74.0,-100.0,-100.0,-100.0,-100.0,-100.0,-100.0,-100.0,-100.0,-100.0,-100.0,-94.0,-100.0,-100.0,6
-56,-100.0,-48,-100,-100.0,-67.0,-46.0,-45.0,-100.0,-100.0,-46.0,-100.0,-74.0,-53.0,-100.0,-100.0,-100.0,-100.0,-100.0,11
-46,-100.0,-50,-100,-100.0,-55.0,-100.0,-59.0,-100.0,-100.0,-100.0,-100.0,-100.0,-100.0,-75.0,-100.0,-100.0,-100.0,-100.0,9
-55,-84.0,-63,-100,-63.0,-42.0,-100.0,-100.0,-100.0,-100.0,-100.0,-100.0,-100.0,-100.0,-100.0,-65.0,-100.0,-100.0,-100.0,5
-55,-100.0,-51,-35,-100.0,-100.0,-40.0,-35.0,-100.0,-100.0,-36.0,-100.0,-100.0,-54.0,-100.0,-100.0,-100.0,-100.0,-100.0,11
-60,-100.0,-52,-100,-100.0,-61.0,-100.0,-100.0,-100.0,-100.0,-100.0,-100.0,-100.0,-100.0,-100.0,-100.0,-100.0,-100.0,-100.0,11
-72,-86.0,-67,-77,-67.0,-45.0,-69.0,-70.0,-58.0,-100.0,-68.0,-100.0,-100.0,-82.0,-100.0,-72.0,-100.0,-100.0,-100.0,5
-61,-100.0,-55,-69,-68.0,-50.0,-69.0,-100.0,-69.0,-100.0,-66.0,-100.0,-100.0,-100.0,-100.0,-100.0,-100.0,-100.0,-100.0,7
-73,-70.0,-76,-100,-69.0,-79.0,-76.0,-100.0,-100.0,-100.0,-100.0,-100.0,-100.0,-100.0,-100.0,-100.0,-100.0,-100.0,-100.0,8
-54,-100.0,-53,-100,-100.0,-100.0,-100.0,-100.0,-100.0,-100.0,-64.0,-100.0,-100.0,-77.0,-100.0,-100.0,-100.0,-100.0,-100.0,9
-61,-100.0,-48,-49,-100.0,-69.0,-100.0,-100.0,-100.0,-100.0,-100.0,-100.0,-100.0,-64.0,-58.0,-100.0,-100.0,-100.0,-100.0,11
-62,-100.0,-48,-100,-100.0,-100.0,-65.0,-100.0,-100.0,-100.0,-68.0,-66.0,-100.0,-100.0,-100.0,-100.0,-100.0,-100.0,-100.0,13
-72,-69.0,-71,-100,-70.0,-67.0,-100.0,-100.0,-100.0,-100.0,-100.0,-100.0,-100.0,-100.0,-100.0,-100.0,-100.0,-100.0,-100.0,8
-75,-70.0,-79,-100,-71.0,-77.0,-100.0,-89.0,-100.0,-100.0,-100.0,-100.0,-100.0,-100.0,-100.0,-87.0,-100.0,-100.0,-100.0,8
-52,-90.0,-48,-100,-100.0,-49.0,-64.0,-100.0,-100.0,-100.0,-100.0,-73.0,-100.0,-100.0,-100.0,-100.0,-100.0,-100.0,-100.0,9
-42,-100.0,-46,-100,-100.0,-65.0,-100.0,-100.0,-100.0,-100.0,-52.0,-73.0,-100.0,-73.0,-100.0,-100.0,-100.0,-100.0,-100.0,9
-57,-100.0,-56,-46,-100.0,-100.0,-100.0,-45.0,-100.0,-100.0,-100.0,-100.0,-100.0,-48.0,-100.0,-100.0,-100.0,-100.0,-100.0,11
-59,-81.0,-57,-100,-68.0,-53.0,-100.0,-100.0,-100.0,-84.0,-100.0,-100.0,-100.0,-100.0,-100.0,-100.0,-100.0,-100.0,-100.0,7
-51,-100.0,-49,-100,-100.0,-100.0,-100.0,-100.0,-100.0,-100.0,-100.0,-63.0,-69.0,-100.0,-100.0,-100.0,-100.0,-100.0,-100.0,13
-69,-100.0,-56,-100,-100.0,-100.0,-100.0,-100.0,-100.0,-100.0,-100.0,-51.0,-67.0,-100.0,-100.0,-100.0,-100.0,-100.0,-100.0,12
-68,-100.0,-54,-100,-100.0,-100.0,-100.0,-100.0,-100.0,-100.0,-100.0,-47.0,-100.0,-100.0,-100.0,-100.0,-100.0,-100.0,-100.0,12
-56,-100.0,-56,-100,-100.0,-67.0,-100.0,-100.0,-100.0,-100.0,-100.0,-100.0,-100.0,-69.0,-100.0,-100.0,-100.0,-100.0,-100.0,10
-75,-79.0,-71,-100,-79.0,-70.0,-100.0,-100.0,-100.0,-100.0,-100.0,-100.0,-100.0,-100.0,-100.0,-100.0,-100.0,-100.0,-100.0,6
-55,-100.0,-53,-100,-100.0,-100.0,-100.0,-52.0,-100.0,-100.0,-53.0,-66.0,-70.0,-63.0,-72.0,-100.0,-100.0,-100.0,-100.0,10
-75,-71.0,-74,-83,-69.0,-66.0,-100.0,-100.0,-100.0,-100.0,-86.0,-100.0,-100.0,-100.0,-100.0,-78.0,-100.0,-100.0,-100.0,8
-44,-100.0,-49,-100,-100.0,-57.0,-57.0,-57.0,-100.0,-100.0,-100.0,-100.0,-100.0,-100.0,-84.0,-100.0,-100.0,-100.0,-100.0,9
-53,-100.0,-54,-100,-100.0,-58.0,-100.0,-100.0,-100.0,-100.0,-100.0,-100.0,-70.0,-55.0,-58.0,-100.0,-100.0,-100.0,-100.0,11
-71,-85.0,-71,-72,-69.0,-41.0,-100.0,-100.0,-65.0,-76.0,-100.0,-100.0,-100.0,-100.0,-100.0,-100.0,-100.0,-100.0,-100.0,5
-60,-72.0,-59,-100,-100.0,-55.0,-71.0,-67.0,-100.0,-100.0,-70.0,-100.0,-100.0,-100.0,-100.0,-100.0,-100.0,-100.0,-100.0,7
-46,-100.0,-49,-100,-100.0,-66.0,-100.0,-58.0,-100.0,-100.0,-100.0,-100.0,-100.0,-100.0,-100.0,-100.0,-100.0,-100.0,-100.0,9
-40,-100.0,-48,-69,-100.0,-47.0,-64.0,-71.0,-100.0,-100.0,-67.0,-100.0,-100.0,-68.0,-100.0,-100.0,-100.0,-100.0,-100.0,9
-66,-82.0,-67,-100,-73.0,-66.0,-100.0,-100.0,-100.0,-100.0,-100.0,-100.0,-100.0,-100.0,-100.0,-100.0,-100.0,-100.0,-100.0,8
-65,-94.0,-64,-100,-69.0,-100.0,-100.0,-100.0,-69.0,-100.0,-100.0,-100.0,-100.0,-100.0,-91.0,-100.0,-100.0,-100.0,-100.0,5
-69,-77.0,-74,-100,-100.0,-100.0,-100.0,-100.0,-100.0,-100.0,-74.0,-100.0,-100.0,-100.0,-100.0,-85.0,-100.0,-100.0,-100.0,8
-68,-100.0,-58,-100,-100.0,-100.0,-100.0,-76.0,-100.0,-100.0,-100.0,-48.0,-65.0,-100.0,-100.0,-100.0,-100.0,-100.0,-100.0,12
-67,-93.0,-62,-100,-100.0,-48.0,-100.0,-72.0,-100.0,-87.0,-100.0,-100.0,-100.0,-100.0,-100.0,-100.0,-100.0,-100.0,-78.0,5
-72,-100.0,-54,-68,-100.0,-100.0,-100.0,-70.0,-100.0,-100.0,-68.0,-54.0,-71.0,-100.0,-100.0,-100.0,-100.0,-100.0,-100.0,13
-56,-100.0,-48,-100,-100.0,-100.0,-100.0,-100.0,-100.0,-100.0,-51.0,-100.0,-74.0,-64.0,-100.0,-100.0,-100.0,-100.0,-100.0,10
-82,-86.0,-80,-80,-100.0,-73.0,-100.0,-100.0,-100.0,-100.0,-100.0,-100.0,-100.0,-100.0,-100.0,-100.0,-100.0,-100.0,-100.0,6
-76,-83.0,-76,-100,-90.0,-74.0,-100.0,-100.0,-100.0,-100.0,-100.0,-100.0,-100.0,-100.0,-100.0,-100.0,-100.0,-100.0,-100.0,6
-63,-100.0,-54,-100,-100.0,-69.0,-100.0,-45.0,-100.0,-100.0,-43.0,-100.0,-77.0,-51.0,-70.0,-100.0,-100.0,-100.0,-100.0,11
-68,-100.0,-65,-100,-75.0,-60.0,-100.0,-100.0,-80.0,-100.0,-100.0,-100.0,-100.0,-100.0,-100.0,-100.0,-100.0,-100.0,-100.0,6
-42,-100.0,-45,-56,-100.0,-100.0,-100.0,-100.0,-100.0,-100.0,-100.0,-79.0,-100.0,-100.0,-100.0,-100.0,-100.0,-100.0,-100.0,9
-59,-83.0,-57,-100,-100.0,-41.0,-100.0,-100.0,-100.0,-81.0,-100.0,-100.0,-100.0,-100.0,-100.0,-67.0,-100.0,-100.0,-100.0,5
-49,-100.0,-50,-100,-100.0,-52.0,-62.0,-61.0,-100.0,-100.0,-61.0,-100.0,-100.0,-68.0,-100.0,-100.0,-100.0,-100.0,-100.0,9
-67,-100.0,-55,-70,-100.0,-100.0,-69.0,-100.0,-100.0,-100.0,-100.0,-60.0,-72.0,-100.0,-100.0,-100.0,-100.0,-100.0,-100.0,13
-58,-100.0,-55,-46,-100.0,-74.0,-100.0,-42.0,-100.0,-100.0,-42.0,-100.0,-100.0,-57.0,-60.0,-100.0,-100.0,-100.0,-100.0,11
-62,-85.0,-65,-100,-100.0,-70.0,-100.0,-100.0,-83.0,-100.0,-100.0,-100.0,-100.0,-100.0,-100.0,-100.0,-87.0,-100.0,-100.0,6
-70,-86.0,-71,-100,-76.0,-70.0,-75.0,-100.0,-100.0,-100.0,-100.0,-100.0,-100.0,-100.0,-100.0,-100.0,-100.0,-100.0,-100.0,6
-66,-90.0,-69,-100,-64.0,-49.0,-100.0,-100.0,-100.0,-75.0,-100.0,-100.0,-100.0,-83.0,-100.0,-71.0,-100.0,-100.0,-79.0,5
-81,-82.0,-80,-100,-100.0,-74.0,-100.0,-100.0,-100.0,-100.0,-100.0,-100.0,-100.0,-100.0,-100.0,-100.0,-100.0,-100.0,-100.0,6
-75,-100.0,-83,-100,-81.0,-100.0,-100.0,-100.0,-84.0,-100.0,-100.0,-100.0,-100.0,-100.0,-100.0,-100.0,-100.0,-100.0,-100.0,6
-60,-100.0,-48,-100,-100.0,-100.0,-100.0,-100.0,-100.0,-100.0,-100.0,-100.0,-100.0,-60.0,-100.0,-100.0,-100.0,-100.0,-100.0,10
-48,-100.0,-46,-100,-100.0,-59.0,-100.0,-100.0,-100.0,-100.0,-100.0,-100.0,-100.0,-73.0,-100.0,-100.0,-100.0,-100.0,-100.0,9
-66,-100.0,-60,-100,-100.0,-100.0,-100.0,-100.0,-100.0,-100.0,-100.0,-52.0,-74.0,-100.0,-100.0,-100.0,-100.0,-100.0,-100.0,12
-59,-100.0,-55,-100,-100.0,-100.0,-100.0,-100.0,-100.0,-100.0,-100.0,-100.0,-59.0,-100.0,-71.0,-100.0,-100.0,-100.0,-100.0,10
-48,-100.0,-44,-62,-100.0,-100.0,-100.0,-62.0,-100.0,-100.0,-100.0,-56.0,-72.0,-100.0,-100.0,-100.0,-100.0,-100.0,-100.0,13
-46,-100.0,-47,-59,-100.0,-57.0,-59.0,-61.0,-100.0,-100.0,-61.0,-100.0,-100.0,-71.0,-100.0,-100.0,-100.0,-100.0,-100.0,9
-57,-100.0,-54,-100,-100.0,-100.0,-100.0,-100.0,-100.0,-100.0,-100.0,-52.0,-59.0,-100.0,-100.0,-100.0,-100.0,-100.0,-100.0,13
-59,-89.0,-49,-100,-70.0,-47.0,-100.0,-69.0,-100.0,-100.0,-100.0,-100.0,-100.0,-76.0,-100.0,-75.0,-100.0,-100.0,-100.0,5
-64,-100.0,-59,-100,-69.0,-49.0,-100.0,-100.0,-100.0,-100.0,-100.0,-100.0,-100.0,-100.0,-100.0,-100.0,-100.0,-100.0,-100.0,7
-53,-100.0,-41,-100,-100.0,-55.0,-100.0,-100.0,-100.0,-100.0,-100.0,-70.0,-100.0,-100.0,-74.0,-100.0,-100.0,-100.0,-100.0,10
-67,-100.0,-52,-100,-100.0,-100.0,-100.0,-100.0,-100.0,-100.0,-100.0,-56.0,-100.0,-100.0,-100.0,-100.0,-100.0,-100.0,-100.0,13
-66,-100.0,-55,-100,-100.0,-100.0,-100.0,-74.0,-100.0,-100.0,-100.0,-63.0,-75.0,-100.0,-100.0,-100.0,-100.0,-100.0,-100.0,13
-70,-85.0,-66,-78,-77.0,-63.0,-100.0,-100.0,-100.0,-100.0,-100.0,-100.0,-100.0,-100.0,-100.0,-100.0,-100.0,-100.0,-100.0,6
-51,-100.0,-45,-100,-100.0,-61.0,-100.0,-100.0,-100.0,-100.0,-100.0,-100.0,-100.0,-100.0,-71.0,-100.0,-100.0,-100.0,-100.0,10
-55,-100.0,-51,-100,-100.0,-100.0,-100.0,-50.0,-100.0,-100.0,-100.0,-100.0,-77.0,-55.0,-69.0,-100.0,-100.0,-100.0,-100.0,11
-42,-100.0,-39,-67,-100.0,-53.0,-62.0,-66.0,-100.0,-100.0,-68.0,-74.0,-100.0,-100.0,-100.0,-100.0,-100.0,-100.0,-100.0,9
-61,-77.0,-63,-70,-70.0,-100.0,-69.0,-73.0,-100.0,-100.0,-71.0,-100.0,-100.0,-100.0,-100.0,-100.0,-100.0,-100.0,-100.0,7
-41,-100.0,-55,-100,-100.0,-49.0,-56.0,-62.0,-100.0,-100.0,-59.0,-100.0,-100.0,-72.0,-100.0,-100.0,-100.0,-100.0,-100.0,9
-43,-100.0,-44,-100,-100.0,-50.0,-67.0,-100.0,-100.0,-100.0,-100.0,-100.0,-100.0,-100.0,-100.0,-100.0,-100.0,-100.0,-100.0,9
-70,-84.0,-70,-100,-75.0,-73.0,-79.0,-100.0,-100.0,-100.0,-78.0,-100.0,-100.0,-100.0,-100.0,-78.0,-100.0,-100.0,-100.0,8
-57,-100.0,-58,-100,-100.0,-100.0,-100.0,-100.0,-100.0,-100.0,-100.0,-62.0,-100.0,-100.0,-100.0,-100.0,-100.0,-100.0,-100.0,13
-54,-100.0,-54,-46,-100.0,-56.0,-48.0,-100.0,-100.0,-100.0,-100.0,-100.0,-62.0,-66.0,-100.0,-100.0,-100.0,-100.0,-100.0,11
-72,-90.0,-80,-100,-100.0,-100.0,-100.0,-100.0,-88.0,-100.0,-100.0,-100.0,-100.0,-100.0,-100.0,-100.0,-100.0,-100.0,-100.0,6
-64,-100.0,-61,-100,-100.0,-100.0,-100.0,-74.0,-100.0,-100.0,-74.0,-39.0,-65.0,-100.0,-100.0,-100.0,-100.0,-100.0,-100.0,12
-68,-100.0,-59,-43,-100.0,-59.0,-44.0,-43.0,-100.0,-100.0,-44.0,-100.0,-100.0,-59.0,-100.0,-100.0,-100.0,-100.0,-100.0,11
-48,-100.0,-48,-56,-100.0,-59.0,-100.0,-55.0,-100.0,-100.0,-100.0,-70.0,-100.0,-100.0,-100.0,-100.0,-100.0,-100.0,-100.0,9
-72,-100.0,-79,-100,-84.0,-75.0,-100.0,-100.0,-89.0,-100.0,-100.0,-100.0,-100.0,-100.0,-100.0,-100.0,-100.0,-100.0,-100.0,6
-60,-88.0,-64,-100,-77.0,-69.0,-71.0,-100.0,-80.0,-100.0,-100.0,-100.0,-100.0,-100.0,-100.0,-100.0,-100.0,-100.0,-100.0,6
-65,-78.0,-79,-100,-100.0,-55.0,-100.0,-100.0,-100.0,-100.0,-100.0,-100.0,-100.0,-100.0,-100.0,-100.0,-100.0,-100.0,-100.0,7
-45,-100.0,-53,-100,-100.0,-61.0,-56.0,-100.0,-100.0,-100.0,-59.0,-75.0,-100.0,-100.0,-100.0,-100.0,-100.0,-100.0,-100.0,9
-50,-100.0,-48,-57,-100.0,-100.0,-56.0,-100.0,-100.0,-100.0,-100.0,-100.0,-100.0,-68.0,-100.0,-100.0,-100.0,-100.0,-100.0,9
-42,-100.0,-51,-57,-100.0,-64.0,-100.0,-53.0,-100.0,-100.0,-100.0,-100.0,-100.0,-70.0,-100.0,-100.0,-100.0,-100.0,-100.0,9
-63,-88.0,-67,-100,-70.0,-47.0,-100.0,-100.0,-71.0,-100.0,-100.0,-100.0,-100.0,-67.0,-100.0,-86.0,-100.0,-100.0,-100.0,5
-69,-100.0,-60,-75,-100.0,-100.0,-100.0,-100.0,-100.0,-100.0,-72.0,-63.0,-73.0,-100.0,-100.0,-100.0,-100.0,-100.0,-100.0,13
-65,-100.0,-55,-57,-100.0,-100.0,-58.0,-61.0,-100.0,-100.0,-58.0,-100.0,-81.0,-51.0,-100.0,-100.0,-100.0,-100.0,-100.0,11
-68,-100.0,-76,-100,-100.0,-59.0,-100.0,-100.0,-100.0,-100.0,-100.0,-100.0,-100.0,-100.0,-100.0,-100.0,-100.0,-100.0,-100.0,6
-54,-83.0,-58,-100,-100.0,-53.0,-100.0,-100.0,-100.0,-100.0,-67.0,-100.0,-100.0,-100.0,-100.0,-100.0,-100.0,-100.0,-100.0,7
-66,-86.0,-63,-75,-71.0,-100.0,-72.0,-100.0,-72.0,-100.0,-100.0,-100.0,-100.0,-100.0,-100.0,-76.0,-100.0,-100.0,-100.0,5
-69,-100.0,-67,-100,-66.0,-46.0,-100.0,-100.0,-100.0,-78.0,-100.0,-100.0,-100.0,-100.0,-100.0,-72.0,-100.0,-100.0,-100.0,5
-66,-100.0,-59,-75,-100.0,-100.0,-100.0,-100.0,-100.0,-100.0,-100.0,-46.0,-60.0,-100.0,-100.0,-100.0,-100.0,-100.0,-100.0,12
-52,-100.0,-47,-100,-100.0,-58.0,-100.0,-100.0,-100.0,-100.0,-47.0,-100.0,-100.0,-71.0,-100.0,-100.0,-100.0,-100.0,-100.0,11
-46,-100.0,-50,-100,-100.0,-54.0,-100.0,-100.0,-100.0,-100.0,-100.0,-100.0,-100.0,-100.0,-81.0,-100.0,-100.0,-100.0,-100.0,9
-66,-100.0,-56,-100,-100.0,-51.0,-100.0,-100.0,-100.0,-85.0,-100.0,-100.0,-100.0,-100.0,-100.0,-100.0,-100.0,-100.0,-100.0,7
-63,-100.0,-54,-44,-100.0,-63.0,-100.0,-100.0,-100.0,-100.0,-45.0,-100.0,-100.0,-51.0,-59.0,-100.0,-100.0,-100.0,-100.0,10
-63,-100.0,-57,-100,-100.0,-100.0,-100.0,-100.0,-100.0,-100.0,-100.0,-43.0,-61.0,-82.0,-100.0,-100.0,-100.0,-100.0,-100.0,12
-49,-100.0,-41,-100,-100.0,-100.0,-100.0,-100.0,-100.0,-100.0,-100.0,-61.0,-73.0,-100.0,-100.0,-100.0,-100.0,-100.0,-100.0,13
-68,-100.0,-51,-100,-100.0,-100.0,-76.0,-100.0,-100.0,-100.0,-100.0,-64.0,-70.0,-100.0,-100.0,-100.0,-100.0,-100.0,-100.0,13
-55,-100.0,-52,-100,-100.0,-100.0,-100.0,-100.0,-100.0,-100.0,-100.0,-100.0,-69.0,-54.0,-62.0,-100.0,-100.0,-100.0,-100.0,11
-58,-100.0,-50,-48,-100.0,-100.0,-49.0,-46.0,-100.0,-100.0,-48.0,-100.0,-69.0,-62.0,-100.0,-100.0,-100.0,-100.0,-100.0,11
-67,-100.0,-51,-100,-100.0,-61.0,-100.0,-100.0,-100.0,-100.0,-100.0,-100.0,-100.0,-100.0,-100.0,-100.0,-100.0,-100.0,-100.0,11
-51,-100.0,-51,-100,-100.0,-100.0,-100.0,-100.0,-100.0,-100.0,-51.0,-63.0,-74.0,-57.0,-67.0,-100.0,-100.0,-100.0,-100.0,10
-70,-75.0,-73,-100,-100.0,-65.0,-100.0,-100.0,-100.0,-100.0,-100.0,-100.0,-100.0,-100.0,-100.0,-90.0,-100.0,-100.0,-100.0,8
-73,-66.0,-77,-100,-75.0,-69.0,-100.0,-100.0,-100.0,-100.0,-100.0,-100.0,-100.0,-100.0,-100.0,-80.0,-100.0,-100.0,-100.0,8
-59,-100.0,-53,-100,-71.0,-56.0,-71.0,-67.0,-100.0,-100.0,-100.0,-100.0,-100.0,-100.0,-100.0,-100.0,-100.0,-100.0,-100.0,7
-49,-100.0,-45,-56,-100.0,-100.0,-100.0,-100.0,-100.0,-100.0,-100.0,-64.0,-100.0,-100.0,-70.0,-100.0,-100.0,-100.0,-100.0,10
-44,-88.0,-47,-100,-100.0,-57.0,-100.0,-58.0,-100.0,-100.0,-100.0,-68.0,-100.0,-100.0,-100.0,-100.0,-100.0,-100.0,-100.0,9
-60,-100.0,-55,-100,-100.0,-100.0,-100.0,-100.0,-100.0,-100.0,-100.0,-59.0,-69.0,-100.0,-100.0,-100.0,-100.0,-100.0,-100.0,13
-57,-100.0,-68,-100,-79.0,-55.0,-100.0,-100.0,-100.0,-100.0,-100.0,-100.0,-100.0,-100.0,-100.0,-100.0,-100.0,-100.0,-100.0,6
-69,-88.0,-68,-100,-100.0,-50.0,-100.0,-100.0,-66.0,-83.0,-100.0,-100.0,-100.0,-82.0,-100.0,-71.0,-100.0,-100.0,-100.0,5
-65,-100.0,-52,-100,-100.0,-100.0,-100.0,-100.0,-100.0,-100.0,-100.0,-100.0,-100.0,-59.0,-56.0,-100.0,-100.0,-100.0,-100.0,10
-59,-100.0,-55,-31,-100.0,-61.0,-100.0,-37.0,-100.0,-100.0,-100.0,-100.0,-70.0,-50.0,-57.0,-100.0,-100.0,-100.0,-100.0,11
-59,-100.0,-54,-100,-100.0,-58.0,-59.0,-58.0,-100.0,-100.0,-58.0,-100.0,-100.0,-56.0,-73.0,-100.0,-100.0,-100.0,-100.0,11
-56,-100.0,-54,-100,-100.0,-65.0,-100.0,-100.0,-100.0,-100.0,-100.0,-100.0,-100.0,-59.0,-100.0,-100.0,-100.0,-100.0,-100.0,11
-68,-100.0,-56,-100,-100.0,-100.0,-100.0,-74.0,-100.0,-100.0,-74.0,-47.0,-70.0,-100.0,-100.0,-100.0,-100.0,-100.0,-100.0,12
-65,-100.0,-58,-100,-63.0,-32.0,-100.0,-100.0,-61.0,-100.0,-100.0,-100.0,-100.0,-100.0,-100.0,-65.0,-100.0,-100.0,-100.0,5
-54,-70.0,-67,-100,-71.0,-53.0,-100.0,-66.0,-71.0,-100.0,-67.0,-100.0,-100.0,-100.0,-100.0,-100.0,-100.0,-100.0,-100.0,7
-58,-82.0,-66,-100,-68.0,-48.0,-100.0,-100.0,-100.0,-100.0,-100.0,-100.0,-100.0,-100.0,-100.0,-100.0,-100.0,-100.0,-100.0,7
-54,-100.0,-45,-58,-100.0,-65.0,-100.0,-56.0,-100.0,-100.0,-59.0,-67.0,-74.0,-70.0,-73.0,-100.0,-100.0,-100.0,-100.0,10
-45,-83.0,-48,-100,-63.0,-44.0,-100.0,-100.0,-100.0,-100.0,-100.0,-100.0,-100.0,-100.0,-100.0,-100.0,-100.0,-100.0,-100.0,7
-70,-83.0,-66,-100,-73.0,-52.0,-100.0,-100.0,-100.0,-100.0,-100.0,-100.0,-100.0,-100.0,-100.0,-100.0,-100.0,-100.0,-100.0,7
-74,-81.0,-71,-100,-83.0,-71.0,-100.0,-100.0,-100.0,-100.0,-100.0,-100.0,-100.0,-100.0,-100.0,-100.0,-100.0,-100.0,-100.0,6
-60,-100.0,-56,-100,-64.0,-100.0,-100.0,-100.0,-74.0,-100.0,-65.0,-100.0,-100.0,-100.0,-100.0,-100.0,-100.0,-100.0,-100.0,7
-62,-87.0,-51,-68,-62.0,-44.0,-100.0,-100.0,-63.0,-100.0,-100.0,-100.0,-100.0,-100.0,-100.0,-100.0,-100.0,-87.0,-100.0,5
-69,-100.0,-63,-72,-100.0,-100.0,-72.0,-100.0,-100.0,-100.0,-100.0,-58.0,-100.0,-100.0,-100.0,-100.0,-100.0,-100.0,-100.0,12
-59,-100.0,-57,-46,-100.0,-100.0,-45.0,-45.0,-100.0,-100.0,-47.0,-100.0,-100.0,-49.0,-100.0,-100.0,-100.0,-100.0,-100.0,11
-62,-77.0,-51,-70,-73.0,-54.0,-100.0,-100.0,-74.0,-100.0,-100.0,-100.0,-100.0,-100.0,-100.0,-100.0,-100.0,-100.0,-100.0,7
-65,-100.0,-66,-75,-100.0,-100.0,-100.0,-100.0,-100.0,-100.0,-100.0,-46.0,-100.0,-100.0,-100.0,-100.0,-100.0,-100.0,-100.0,12
-75,-70.0,-77,-82,-100.0,-100.0,-100.0,-100.0,-100.0,-100.0,-100.0,-100.0,-100.0,-100.0,-100.0,-82.0,-100.0,-100.0,-100.0,8
-62,-100.0,-52,-74,-100.0,-100.0,-100.0,-75.0,-100.0,-100.0,-100.0,-43.0,-68.0,-100.0,-100.0,-100.0,-100.0,-100.0,-100.0,12
-72,-80.0,-77,-74,-70.0,-68.0,-100.0,-100.0,-100.0,-100.0,-100.0,-100.0,-100.0,-100.0,-100.0,-79.0,-100.0,-100.0,-100.0,8
-66,-100.0,-66,-100,-60.0,-40.0,-100.0,-100.0,-65.0,-100.0,-72.0,-100.0,-100.0,-77.0,-100.0,-58.0,-100.0,-100.0,-100.0,5
-70,-84.0,-63,-79,-100.0,-100.0,-100.0,-100.0,-84.0,-100.0,-100.0,-100.0,-100.0,-100.0,-100.0,-100.0,-100.0,-100.0,-100.0,6
-76,-92.0,-83,-100,-100.0,-75.0,-100.0,-100.0,-100.0,-100.0,-100.0,-100.0,-100.0,-100.0,-100.0,-100.0,-100.0,-100.0,-100.0,6
-66,-100.0,-52,-100,-100.0,-100.0,-100.0,-100.0,-100.0,-100.0,-100.0,-52.0,-72.0,-100.0,-100.0,-100.0,-100.0,-100.0,-100.0,13
-69,-86.0,-71,-100,-64.0,-52.0,-100.0,-100.0,-61.0,-81.0,-100.0,-100.0,-100.0,-100.0,-100.0,-100.0,-100.0,-92.0,-100.0,5
-62,-81.0,-67,-67,-100.0,-65.0,-100.0,-100.0,-75.0,-100.0,-100.0,-100.0,-100.0,-100.0,-100.0,-100.0,-100.0,-100.0,-100.0,6
-55,-100.0,-52,-100,-68.0,-45.0,-100.0,-100.0,-71.0,-100.0,-100.0,-100.0,-100.0,-100.0,-100.0,-100.0,-100.0,-100.0,-100.0,7
-72,-100.0,-70,-74,-60.0,-100.0,-100.0,-73.0,-67.0,-100.0,-100.0,-100.0,-100.0,-100.0,-100.0,-60.0,-100.0,-100.0,-100.0,5
-64,-83.0,-63,-100,-70.0,-100.0,-100.0,-100.0,-100.0,-100.0,-67.0,-100.0,-100.0,-100.0,-100.0,-100.0,-100.0,-100.0,-100.0,7
-70,-72.0,-71,-100,-71.0,-63.0,-100.0,-100.0,-100.0,-100.0,-100.0,-100.0,-100.0,-100.0,-100.0,-86.0,-100.0,-100.0,-100.0,8
-68,-100.0,-56,-100,-100.0,-81.0,-76.0,-76.0,-100.0,-100.0,-100.0,-46.0,-70.0,-100.0,-100.0,-100.0,-100.0,-100.0,-100.0,12
-81,-71.0,-75,-100,-68.0,-61.0,-100.0,-81.0,-100.0,-100.0,-100.0,-100.0,-100.0,-100.0,-100.0,-100.0,-100.0,-100.0,-100.0,8
-57,-82.0,-54,-100,-76.0,-53.0,-100.0,-100.0,-100.0,-100.0,-100.0,-100.0,-100.0,-100.0,-100.0,-100.0,-100.0,-100.0,-100.0,7
-58,-88.0,-53,-100,-69.0,-56.0,-100.0,-100.0,-70.0,-100.0,-100.0,-100.0,-100.0,-100.0,-88.0,-76.0,-100.0,-87.0,-100.0,5
-62,-100.0,-58,-100,-100.0,-100.0,-45.0,-100.0,-100.0,-100.0,-43.0,-100.0,-100.0,-47.0,-66.0,-100.0,-100.0,-100.0,-100.0,11
-60,-100.0,-52,-40,-100.0,-59.0,-39.0,-37.0,-100.0,-100.0,-39.0,-100.0,-100.0,-51.0,-68.0,-100.0,-100.0,-100.0,-100.0,11
-66,-100.0,-59,-100,-100.0,-100.0,-100.0,-100.0,-100.0,-100.0,-100.0,-46.0,-63.0,-100.0,-100.0,-100.0,-100.0,-100.0,-100.0,12
-80,-100.0,-75,-100,-59.0,-41.0,-100.0,-100.0,-64.0,-100.0,-100.0,-100.0,-100.0,-100.0,-100.0,-62.0,-100.0,-100.0,-81.0,5
-73,-92.0,-80,-75,-100.0,-57.0,-78.0,-100.0,-83.0,-100.0,-100.0,-100.0,-100.0,-100.0,-100.0,-100.0,-100.0,-100.0,-100.0,6
-54,-79.0,-58,-68,-100.0,-54.0,-67.0,-65.0,-100.0,-100.0,-67.0,-100.0,-100.0,-100.0,-100.0,-100.0,-100.0,-100.0,-100.0,7
-46,-100.0,-50,-100,-100.0,-63.0,-100.0,-100.0,-100.0,-100.0,-59.0,-100.0,-74.0,-100.0,-100.0,-100.0,-100.0,-100.0,-100.0,10
-53,-100.0,-46,-100,-100.0,-62.0,-100.0,-100.0,-100.0,-100.0,-100.0,-100.0,-100.0,-57.0,-69.0,-100.0,-100.0,-100.0,-100.0,10
-54,-100.0,-51,-100,-100.0,-68.0,-100.0,-100.0,-100.0,-100.0,-100.0,-100.0,-100.0,-57.0,-100.0,-100.0,-100.0,-100.0,-100.0,11
-81,-88.0,-81,-100,-100.0,-76.0,-100.0,-100.0,-100.0,-100.0,-100.0,-100.0,-100.0,-100.0,-100.0,-100.0,-88.0,-100.0,-100.0,6
-68,-100.0,-55,-71,-100.0,-100.0,-100.0,-72.0,-100.0,-100.0,-100.0,-52.0,-65.0,-100.0,-100.0,-100.0,-100.0,-100.0,-100.0,12
-43,-85.0,-48,-57,-100.0,-52.0,-100.0,-59.0,-100.0,-100.0,-100.0,-73.0,-100.0,-100.0,-85.0,-100.0,-100.0,-100.0,-100.0,9
-68,-78.0,-70,-81,-76.0,-100.0,-100.0,-82.0,-100.0,-100.0,-100.0,-100.0,-100.0,-100.0,-100.0,-84.0,-100.0,-100.0,-100.0,8
-66,-100.0,-59,-67,-100.0,-100.0,-100.0,-100.0,-100.0,-100.0,-100.0,-60.0,-74.0,-100.0,-100.0,-100.0,-100.0,-100.0,-100.0,13
-67,-89.0,-64,-100,-60.0,-43.0,-100.0,-100.0,-68.0,-76.0,-100.0,-100.0,-100.0,-100.0,-100.0,-68.0,-100.0,-91.0,-100.0,5
-62,-79.0,-70,-100,-70.0,-57.0,-100.0,-100.0,-64.0,-100.0,-100.0,-100.0,-100.0,-100.0,-100.0,-100.0,-100.0,-100.0,-100.0,7
-39,-100.0,-49,-56,-100.0,-55.0,-56.0,-55.0,-100.0,-100.0,-54.0,-100.0,-100.0,-100.0,-79.0,-100.0,-100.0,-100.0,-100.0,9
-66,-100.0,-63,-100,-100.0,-100.0,-100.0,-100.0,-100.0,-100.0,-100.0,-46.0,-100.0,-100.0,-100.0,-100.0,-100.0,-100.0,-100.0,12
-70,-100.0,-53,-100,-100.0,-100.0,-72.0,-73.0,-100.0,-100.0,-72.0,-46.0,-60.0,-100.0,-100.0,-100.0,-100.0,-100.0,-100.0,12
-52,-85.0,-52,-100,-100.0,-47.0,-100.0,-100.0,-100.0,-100.0,-100.0,-75.0,-100.0,-100.0,-80.0,-86.0,-100.0,-100.0,-100.0,9
-75,-74.0,-86,-100,-68.0,-100.0,-100.0,-83.0,-100.0,-100.0,-100.0,-100.0,-100.0,-100.0,-100.0,-100.0,-100.0,-100.0,-100.0,8
-53,-100.0,-50,-100,-100.0,-49.0,-100.0,-100.0,-100.0,-100.0,-100.0,-100.0,-100.0,-100.0,-100.0,-100.0,-100.0,-100.0,-100.0,10
-69,-73.0,-65,-100,-72.0,-100.0,-100.0,-100.0,-100.0,-100.0,-83.0,-100.0,-100.0,-100.0,-100.0,-100.0,-100.0,-100.0,-100.0,8
-56,-100.0,-51,-100,-100.0,-59.0,-100.0,-48.0,-100.0,-100.0,-47.0,-100.0,-100.0,-61.0,-100.0,-100.0,-100.0,-100.0,-100.0,10
-72,-100.0,-65,-100,-100.0,-100.0,-100.0,-100.0,-100.0,-100.0,-74.0,-50.0,-100.0,-100.0,-100.0,-100.0,-100.0,-100.0,-100.0,12
-42,-100.0,-40,-100,-100.0,-48.0,-100.0,-100.0,-100.0,-100.0,-100.0,-100.0,-100.0,-100.0,-80.0,-100.0,-100.0,-100.0,-100.0,9
-54,-100.0,-52,-100,-100.0,-60.0,-100.0,-100.0,-100.0,-100.0,-100.0,-100.0,-76.0,-100.0,-100.0,-100.0,-100.0,-100.0,-100.0,11
-70,-88.0,-70,-100,-100.0,-60.0,-100.0,-100.0,-76.0,-100.0,-100.0,-100.0,-100.0,-100.0,-100.0,-100.0,-100.0,-100.0,-100.0,6
-72,-70.0,-77,-76,-100.0,-68.0,-100.0,-100.0,-100.0,-100.0,-100.0,-100.0,-100.0,-100.0,-100.0,-100.0,-100.0,-100.0,-100.0,8
-65,-100.0,-56,-50,-100.0,-100.0,-100.0,-50.0,-100.0,-100.0,-100.0,-100.0,-100.0,-57.0,-64.0,-100.0,-100.0,-100.0,-100.0,10
-68,-100.0,-65,-100,-100.0,-100.0,-100.0,-74.0,-100.0,-100.0,-74.0,-46.0,-70.0,-100.0,-100.0,-100.0,-100.0,-100.0,-100.0,12
-64,-79.0,-68,-100,-70.0,-49.0,-100.0,-100.0,-100.0,-76.0,-100.0,-100.0,-100.0,-100.0,-100.0,-100.0,-100.0,-100.0,-100.0,7
-75,-77.0,-81,-78,-69.0,-69.0,-78.0,-100.0,-100.0,-100.0,-100.0,-100.0,-100.0,-100.0,-100.0,-74.0,-100.0,-100.0,-100.0,8
-73,-51.0,-78,-100,-50.0,-66.0,-100.0,-100.0,-100.0,-100.0,-100.0,-100.0,-100.0,-100.0,-100.0,-73.0,-100.0,-100.0,-100.0,8
-77,-78.0,-74,-100,-73.0,-66.0,-100.0,-100.0,-100.0,-100.0,-100.0,-100.0,-100.0,-100.0,-100.0,-90.0,-100.0,-100.0,-100.0,8
-68,-82.0,-69,-78,-83.0,-67.0,-100.0,-100.0,-81.0,-100.0,-100.0,-100.0,-100.0,-100.0,-100.0,-100.0,-100.0,-100.0,-100.0,6
-75,-49.0,-88,-82,-55.0,-72.0,-100.0,-100.0,-100.0,-100.0,-100.0,-100.0,-100.0,-100.0,-100.0,-73.0,-100.0,-100.0,-100.0,8
-59,-100.0,-47,-47,-100.0,-63.0,-100.0,-100.0,-100.0,-100.0,-46.0,-100.0,-65.0,-68.0,-100.0,-100.0,-100.0,-100.0,-100.0,11
-70,-100.0,-53,-76,-100.0,-81.0,-100.0,-100.0,-100.0,-100.0,-100.0,-46.0,-68.0,-100.0,-100.0,-100.0,-100.0,-100.0,-100.0,12
-52,-100.0,-47,-54,-100.0,-100.0,-100.0,-100.0,-100.0,-100.0,-100.0,-100.0,-71.0,-100.0,-100.0,-100.0,-100.0,-100.0,-100.0,10
-75,-85.0,-85,-100,-100.0,-100.0,-100.0,-100.0,-81.0,-100.0,-100.0,-100.0,-100.0,-100.0,-100.0,-100.0,-100.0,-100.0,-100.0,6
-73,-80.0,-84,-100,-82.0,-100.0,-100.0,-100.0,-75.0,-100.0,-100.0,-100.0,-100.0,-100.0,-100.0,-100.0,-100.0,-100.0,-100.0,6
-69,-78.0,-76,-100,-78.0,-63.0,-100.0,-100.0,-100.0,-100.0,-77.0,-100.0,-100.0,-100.0,-100.0,-100.0,-100.0,-100.0,-100.0,8
-77,-64.0,-79,-100,-69.0,-77.0,-100.0,-100.0,-100.0,-100.0,-100.0,-100.0,-100.0,-100.0,-100.0,-83.0,-100.0,-100.0,-100.0,8
-62,-78.0,-55,-100,-100.0,-46.0,-100.0,-100.0,-74.0,-100.0,-69.0,-100.0,-100.0,-100.0,-100.0,-100.0,-100.0,-100.0,-100.0,7
-41,-100.0,-46,-64,-100.0,-60.0,-58.0,-100.0,-100.0,-100.0,-100.0,-77.0,-100.0,-71.0,-100.0,-100.0,-100.0,-100.0,-100.0,9
-49,-100.0,-45,-100,-100.0,-100.0,-100.0,-100.0,-100.0,-100.0,-100.0,-63.0,-75.0,-100.0,-100.0,-100.0,-100.0,-100.0,-100.0,13
-70,-94.0,-64,-100,-100.0,-46.0,-100.0,-69.0,-61.0,-83.0,-100.0,-100.0,-100.0,-79.0,-100.0,-63.0,-100.0,-100.0,-83.0,5
-70,-100.0,-77,-100,-100.0,-100.0,-100.0,-100.0,-100.0,-100.0,-100.0,-100.0,-100.0,-100.0,-100.0,-100.0,-100.0,-100.0,-100.0,6
-59,-100.0,-65,-100,-100.0,-100.0,-52.0,-100.0,-100.0,-100.0,-100.0,-100.0,-100.0,-49.0,-71.0,-100.0,-100.0,-100.0,-100.0,11
-60,-100.0,-50,-100,-100.0,-67.0,-100.0,-46.0,-100.0,-100.0,-100.0,-100.0,-63.0,-51.0,-65.0,-100.0,-100.0,-100.0,-100.0,10
-60,-79.0,-68,-100,-100.0,-56.0,-72.0,-100.0,-100.0,-100.0,-100.0,-100.0,-100.0,-100.0,-100.0,-100.0,-100.0,-100.0,-100.0,7
-53,-100.0,-50,-55,-100.0,-54.0,-100.0,-55.0,-100.0,-100.0,-100.0,-72.0,-100.0,-72.0,-80.0,-100.0,-100.0,-100.0,-100.0,9
-64,-100.0,-56,-100,-100.0,-100.0,-100.0,-100.0,-100.0,-100.0,-100.0,-70.0,-100.0,-100.0,-100.0,-100.0,-100.0,-100.0,-100.0,13
-66,-100.0,-57,-54,-100.0,-62.0,-54.0,-100.0,-100.0,-100.0,-100.0,-100.0,-75.0,-52.0,-100.0,-100.0,-100.0,-100.0,-100.0,11
-100,-100.0,-68,-100,-100.0,-100.0,-100.0,-100.0,-100.0,-100.0,-78.0,-48.0,-72.0,-100.0,-100.0,-100.0,-100.0,-100.0,-100.0,12
-65,-82.0,-63,-100,-73.0,-100.0,-100.0,-74.0,-100.0,-100.0,-75.0,-100.0,-100.0,-100.0,-100.0,-80.0,-100.0,-100.0,-100.0,8
-45,-91.0,-48,-100,-100.0,-63.0,-100.0,-100.0,-100.0,-100.0,-100.0,-100.0,-100.0,-76.0,-100.0,-100.0,-100.0,-100.0,-100.0,9
-69,-100.0,-50,-100,-100.0,-100.0,-71.0,-100.0,-100.0,-100.0,-100.0,-57.0,-66.0,-100.0,-100.0,-100.0,-100.0,-100.0,-100.0,13
-55,-100.0,-50,-100,-100.0,-60.0,-100.0,-100.0,-100.0,-100.0,-100.0,-100.0,-100.0,-72.0,-71.0,-100.0,-100.0,-100.0,-100.0,10
-83,-69.0,-82,-100,-54.0,-70.0,-100.0,-81.0,-100.0,-100.0,-100.0,-100.0,-100.0,-100.0,-100.0,-78.0,-100.0,-100.0,-100.0,8
-74,-100.0,-73,-100,-65.0,-51.0,-100.0,-100.0,-100.0,-77.0,-100.0,-100.0,-100.0,-100.0,-100.0,-100.0,-100.0,-100.0,-100.0,5
-72,-80.0,-74,-100,-77.0,-62.0,-100.0,-100.0,-100.0,-100.0,-100.0,-100.0,-100.0,-100.0,-100.0,-100.0,-100.0,-100.0,-100.0,6
-64,-100.0,-55,-48,-100.0,-71.0,-100.0,-50.0,-100.0,-100.0,-100.0,-100.0,-100.0,-64.0,-100.0,-100.0,-100.0,-100.0,-100.0,11
-71,-100.0,-58,-100,-100.0,-83.0,-100.0,-100.0,-100.0,-100.0,-100.0,-44.0,-67.0,-100.0,-100.0,-100.0,-100.0,-100.0,-100.0,12
-76,-68.0,-71,-76,-71.0,-100.0,-100.0,-78.0,-100.0,-100.0,-100.0,-100.0,-100.0,-100.0,-100.0,-100.0,-100.0,-100.0,-100.0,8
-58,-100.0,-53,-100,-100.0,-59.0,-100.0,-100.0,-100.0,-100.0,-100.0,-100.0,-100.0,-51.0,-60.0,-100.0,-100.0,-100.0,-100.0,10
-72,-100.0,-53,-100,-100.0,-100.0,-100.0,-100.0,-100.0,-100.0,-100.0,-56.0,-71.0,-100.0,-100.0,-100.0,-100.0,-100.0,-100.0,13
-59,-100.0,-58,-100,-100.0,-100.0,-100.0,-100.0,-100.0,-100.0,-100.0,-48.0,-69.0,-100.0,-100.0,-100.0,-100.0,-100.0,-100.0,13
-68,-100.0,-59,-100,-100.0,-100.0,-100.0,-100.0,-100.0,-100.0,-100.0,-44.0,-63.0,-100.0,-100.0,-100.0,-100.0,-100.0,-100.0,12
-54,-100.0,-42,-51,-100.0,-100.0,-100.0,-54.0,-100.0,-100.0,-54.0,-100.0,-72.0,-100.0,-66.0,-100.0,-100.0,-100.0,-100.0,10
-56,-100.0,-51,-51,-100.0,-100.0,-100.0,-52.0,-100.0,-100.0,-100.0,-73.0,-62.0,-65.0,-69.0,-100.0,-100.0,-100.0,-100.0,10
-41,-100.0,-47,-100,-100.0,-61.0,-100.0,-56.0,-100.0,-100.0,-55.0,-76.0,-100.0,-64.0,-100.0,-100.0,-100.0,-100.0,-100.0,9
-64,-100.0,-56,-100,-100.0,-100.0,-100.0,-100.0,-100.0,-100.0,-100.0,-50.0,-100.0,-100.0,-100.0,-100.0,-100.0,-100.0,-100.0,13
-58,-100.0,-59,-100,-100.0,-45.0,-100.0,-100.0,-100.0,-76.0,-68.0,-100.0,-100.0,-100.0,-100.0,-100.0,-100.0,-100.0,-100.0,7
-46,-100.0,-47,-53,-100.0,-65.0,-100.0,-52.0,-100.0,-100.0,-100.0,-69.0,-100.0,-100.0,-77.0,-100.0,-100.0,-100.0,-100.0,9
-46,-100.0,-49,-54,-100.0,-65.0,-57.0,-100.0,-100.0,-100.0,-100.0,-70.0,-100.0,-75.0,-100.0,-100.0,-100.0,-100.0,-100.0,9
-54,-100.0,-51,-100,-100.0,-100.0,-64.0,-63.0,-100.0,-100.0,-100.0,-60.0,-100.0,-100.0,-100.0,-100.0,-100.0,-100.0,-100.0,13
-59,-100.0,-53,-57,-100.0,-100.0,-50.0,-49.0,-100.0,-100.0,-100.0,-100.0,-79.0,-53.0,-72.0,-100.0,-100.0,-100.0,-100.0,11
-67,-100.0,-64,-100,-65.0,-41.0,-100.0,-100.0,-100.0,-100.0,-100.0,-100.0,-100.0,-100.0,-100.0,-72.0,-100.0,-100.0,-100.0,5
-55,-100.0,-45,-40,-100.0,-59.0,-44.0,-100.0,-100.0,-100.0,-100.0,-100.0,-72.0,-52.0,-59.0,-100.0,-100.0,-100.0,-100.0,11
-56,-100.0,-55,-100,-100.0,-53.0,-100.0,-100.0,-100.0,-100.0,-100.0,-100.0,-68.0,-56.0,-100.0,-100.0,-100.0,-100.0,-100.0,11
-72,-77.0,-75,-100,-100.0,-68.0,-74.0,-72.0,-100.0,-100.0,-76.0,-100.0,-100.0,-100.0,-100.0,-85.0,-100.0,-100.0,-100.0,8
-60,-100.0,-45,-100,-100.0,-100.0,-100.0,-100.0,-100.0,-100.0,-100.0,-54.0,-76.0,-100.0,-100.0,-100.0,-100.0,-100.0,-100.0,13
-54,-82.0,-53,-100,-67.0,-55.0,-100.0,-100.0,-66.0,-100.0,-100.0,-100.0,-100.0,-100.0,-91.0,-76.0,-100.0,-100.0,-100.0,5
-68,-100.0,-55,-100,-100.0,-100.0,-100.0,-100.0,-100.0,-100.0,-100.0,-43.0,-64.0,-100.0,-100.0,-100.0,-100.0,-100.0,-100.0,12
-69,-100.0,-54,-71,-100.0,-100.0,-100.0,-72.0,-100.0,-100.0,-100.0,-42.0,-100.0,-78.0,-100.0,-100.0,-100.0,-100.0,-100.0,12
-69,-91.0,-58,-100,-71.0,-51.0,-100.0,-100.0,-68.0,-100.0,-100.0,-100.0,-100.0,-75.0,-100.0,-100.0,-100.0,-100.0,-100.0,5
-56,-81.0,-58,-100,-100.0,-44.0,-100.0,-100.0,-100.0,-100.0,-100.0,-100.0,-100.0,-100.0,-100.0,-100.0,-100.0,-100.0,-100.0,7
-54,-100.0,-55,-100,-100.0,-72.0,-100.0,-100.0,-100.0,-100.0,-100.0,-100.0,-68.0,-58.0,-62.0,-100.0,-100.0,-100.0,-100.0,11
-73,-72.0,-68,-100,-76.0,-100.0,-100.0,-100.0,-100.0,-100.0,-100.0,-100.0,-100.0,-100.0,-100.0,-100.0,-100.0,-100.0,-100.0,7
-57,-100.0,-51,-100,-72.0,-49.0,-100.0,-100.0,-65.0,-100.0,-70.0,-100.0,-100.0,-100.0,-100.0,-77.0,-100.0,-100.0,-100.0,5
-56,-83.0,-54,-67,-68.0,-50.0,-69.0,-66.0,-70.0,-100.0,-67.0,-100.0,-100.0,-70.0,-100.0,-75.0,-100.0,-100.0,-100.0,5
-55,-100.0,-46,-100,-100.0,-100.0,-100.0,-100.0,-100.0,-100.0,-100.0,-100.0,-100.0,-66.0,-66.0,-100.0,-100.0,-100.0,-100.0,10
-66,-100.0,-62,-74,-66.0,-41.0,-74.0,-75.0,-66.0,-84.0,-75.0,-100.0,-100.0,-100.0,-100.0,-100.0,-100.0,-100.0,-100.0,5
-75,-100.0,-74,-100,-77.0,-100.0,-100.0,-100.0,-82.0,-100.0,-100.0,-100.0,-100.0,-100.0,-100.0,-100.0,-100.0,-100.0,-100.0,6
-59,-100.0,-49,-100,-70.0,-47.0,-100.0,-100.0,-100.0,-100.0,-100.0,-100.0,-100.0,-100.0,-100.0,-100.0,-100.0,-100.0,-100.0,7
-43,-100.0,-47,-100,-100.0,-58.0,-100.0,-64.0,-100.0,-100.0,-64.0,-75.0,-100.0,-75.0,-100.0,-100.0,-100.0,-100.0,-100.0,9
-71,-100.0,-53,-69,-100.0,-100.0,-100.0,-100.0,-100.0,-100.0,-100.0,-52.0,-54.0,-100.0,-100.0,-100.0,-100.0,-100.0,-100.0,13
-42,-90.0,-47,-66,-100.0,-46.0,-65.0,-100.0,-100.0,-100.0,-100.0,-100.0,-100.0,-100.0,-100.0,-100.0,-100.0,-100.0,-100.0,9
-60,-89.0,-64,-100,-63.0,-37.0,-100.0,-70.0,-64.0,-74.0,-100.0,-100.0,-100.0,-100.0,-100.0,-62.0,-100.0,-100.0,-100.0,5
-47,-88.0,-45,-100,-100.0,-59.0,-100.0,-100.0,-100.0,-100.0,-59.0,-100.0,-100.0,-100.0,-100.0,-83.0,-100.0,-100.0,-100.0,9
-55,-100.0,-51,-45,-100.0,-63.0,-100.0,-100.0,-100.0,-100.0,-42.0,-78.0,-100.0,-64.0,-67.0,-100.0,-100.0,-100.0,-100.0,10
-65,-100.0,-51,-100,-100.0,-100.0,-100.0,-100.0,-100.0,-100.0,-100.0,-57.0,-100.0,-100.0,-100.0,-100.0,-100.0,-100.0,-100.0,13
-65,-78.0,-62,-100,-73.0,-58.0,-100.0,-100.0,-85.0,-100.0,-100.0,-100.0,-100.0,-100.0,-100.0,-100.0,-100.0,-100.0,-100.0,6
-69,-100.0,-62,-100,-62.0,-40.0,-100.0,-100.0,-64.0,-78.0,-100.0,-100.0,-100.0,-100.0,-100.0,-100.0,-100.0,-100.0,-89.0,5
-52,-100.0,-45,-55,-100.0,-100.0,-100.0,-54.0,-100.0,-100.0,-100.0,-67.0,-75.0,-100.0,-71.0,-100.0,-100.0,-100.0,-100.0,10
-73,-78.0,-77,-87,-69.0,-100.0,-100.0,-100.0,-100.0,-100.0,-84.0,-100.0,-100.0,-100.0,-100.0,-100.0,-100.0,-100.0,-100.0,8
-78,-100.0,-76,-100,-87.0,-67.0,-100.0,-100.0,-85.0,-100.0,-100.0,-100.0,-100.0,-100.0,-100.0,-100.0,-100.0,-100.0,-100.0,6
-65,-76.0,-63,-100,-74.0,-100.0,-100.0,-100.0,-100.0,-100.0,-66.0,-100.0,-100.0,-100.0,-100.0,-80.0,-100.0,-100.0,-100.0,8
-69,-82.0,-70,-76,-74.0,-64.0,-100.0,-100.0,-78.0,-100.0,-100.0,-100.0,-100.0,-100.0,-100.0,-100.0,-100.0,-100.0,-100.0,6
-61,-100.0,-60,-100,-100.0,-100.0,-100.0,-100.0,-100.0,-100.0,-76.0,-55.0,-66.0,-100.0,-100.0,-100.0,-100.0,-100.0,-100.0,13
-61,-100.0,-56,-100,-100.0,-100.0,-70.0,-100.0,-100.0,-100.0,-100.0,-63.0,-66.0,-100.0,-100.0,-100.0,-100.0,-100.0,-100.0,13
-69,-100.0,-64,-73,-100.0,-100.0,-71.0,-73.0,-100.0,-100.0,-72.0,-54.0,-62.0,-100.0,-100.0,-100.0,-100.0,-100.0,-100.0,13
-64,-100.0,-54,-100,-100.0,-100.0,-100.0,-100.0,-100.0,-100.0,-100.0,-54.0,-72.0,-100.0,-100.0,-100.0,-100.0,-100.0,-100.0,13
-57,-100.0,-46,-69,-100.0,-100.0,-100.0,-100.0,-100.0,-100.0,-100.0,-100.0,-67.0,-100.0,-100.0,-100.0,-100.0,-100.0,-100.0,13
-63,-73.0,-71,-70,-77.0,-100.0,-100.0,-100.0,-100.0,-100.0,-100.0,-100.0,-100.0,-100.0,-100.0,-80.0,-100.0,-100.0,-100.0,8
-65,-100.0,-57,-100,-100.0,-100.0,-100.0,-100.0,-100.0,-100.0,-100.0,-44.0,-100.0,-100.0,-100.0,-100.0,-100.0,-100.0,-100.0,12
-53,-100.0,-57,-100,-100.0,-100.0,-100.0,-100.0,-100.0,-100.0,-55.0,-100.0,-100.0,-67.0,-73.0,-100.0,-100.0,-100.0,-100.0,10
-49,-100.0,-40,-100,-100.0,-100.0,-100.0,-100.0,-100.0,-100.0,-100.0,-100.0,-100.0,-69.0,-100.0,-100.0,-100.0,-100.0,-100.0,10
-48,-100.0,-52,-100,-100.0,-66.0,-100.0,-100.0,-100.0,-100.0,-100.0,-100.0,-81.0,-61.0,-73.0,-100.0,-100.0,-100.0,-100.0,10
-57,-100.0,-47,-46,-100.0,-56.0,-100.0,-49.0,-100.0,-100.0,-46.0,-100.0,-68.0,-56.0,-100.0,-100.0,-100.0,-100.0,-100.0,10
-56,-100.0,-55,-100,-100.0,-64.0,-100.0,-100.0,-100.0,-100.0,-100.0,-100.0,-100.0,-60.0,-100.0,-100.0,-100.0,-100.0,-100.0,10
-40,-86.0,-38,-100,-100.0,-52.0,-62.0,-100.0,-100.0,-100.0,-64.0,-100.0,-100.0,-70.0,-100.0,-100.0,-100.0,-100.0,-100.0,9
-54,-100.0,-51,-68,-100.0,-100.0,-100.0,-100.0,-100.0,-100.0,-100.0,-67.0,-100.0,-100.0,-100.0,-100.0,-100.0,-100.0,-100.0,13
-66,-100.0,-47,-100,-100.0,-100.0,-100.0,-100.0,-100.0,-100.0,-100.0,-53.0,-63.0,-100.0,-100.0,-100.0,-100.0,-100.0,-100.0,13
-51,-100.0,-53,-100,-100.0,-69.0,-100.0,-59.0,-100.0,-100.0,-57.0,-100.0,-64.0,-57.0,-65.0,-100.0,-100.0,-100.0,-100.0,10
-66,-89.0,-72,-100,-62.0,-47.0,-100.0,-73.0,-66.0,-75.0,-100.0,-100.0,-100.0,-100.0,-100.0,-69.0,-100.0,-100.0,-100.0,5
-66,-100.0,-61,-100,-100.0,-100.0,-100.0,-100.0,-100.0,-100.0,-100.0,-52.0,-69.0,-100.0,-100.0,-100.0,-100.0,-100.0,-100.0,12
-59,-80.0,-63,-100,-73.0,-59.0,-69.0,-100.0,-100.0,-100.0,-67.0,-100.0,-100.0,-100.0,-100.0,-100.0,-100.0,-100.0,-100.0,7
-64,-100.0,-60,-100,-100.0,-100.0,-100.0,-100.0,-100.0,-100.0,-100.0,-45.0,-78.0,-100.0,-100.0,-100.0,-100.0,-100.0,-100.0,12
-63,-100.0,-56,-100,-100.0,-100.0,-70.0,-100.0,-100.0,-100.0,-68.0,-57.0,-72.0,-100.0,-100.0,-100.0,-100.0,-100.0,-100.0,13
-49,-100.0,-44,-65,-100.0,-53.0,-64.0,-100.0,-100.0,-100.0,-59.0,-100.0,-100.0,-100.0,-100.0,-100.0,-100.0,-100.0,-100.0,9
-76,-88.0,-81,-100,-100.0,-100.0,-100.0,-100.0,-100.0,-100.0,-100.0,-100.0,-100.0,-100.0,-100.0,-100.0,-100.0,-100.0,-100.0,6
-65,-100.0,-63,-71,-69.0,-53.0,-100.0,-100.0,-100.0,-100.0,-100.0,-100.0,-100.0,-100.0,-100.0,-100.0,-100.0,-100.0,-100.0,7
-57,-100.0,-50,-100,-100.0,-100.0,-100.0,-100.0,-100.0,-100.0,-100.0,-100.0,-68.0,-100.0,-100.0,-100.0,-100.0,-100.0,-100.0,13
-66,-78.0,-57,-100,-67.0,-41.0,-100.0,-100.0,-100.0,-79.0,-100.0,-100.0,-100.0,-100.0,-100.0,-100.0,-100.0,-100.0,-100.0,7
-69,-88.0,-72,-100,-58.0,-46.0,-100.0,-100.0,-63.0,-74.0,-100.0,-100.0,-100.0,-100.0,-100.0,-70.0,-100.0,-100.0,-100.0,5
-66,-100.0,-70,-75,-63.0,-46.0,-100.0,-100.0,-60.0,-87.0,-100.0,-100.0,-100.0,-100.0,-100.0,-67.0,-100.0,-100.0,-100.0,5
-69,-66.0,-77,-100,-62.0,-71.0,-100.0,-100.0,-100.0,-100.0,-100.0,-100.0,-100.0,-100.0,-100.0,-74.0,-100.0,-100.0,-100.0,8
-51,-100.0,-47,-100,-100.0,-52.0,-100.0,-100.0,-100.0,-100.0,-100.0,-100.0,-100.0,-100.0,-100.0,-100.0,-100.0,-100.0,-100.0,10
-63,-80.0,-65,-100,-75.0,-62.0,-76.0,-100.0,-77.0,-100.0,-100.0,-100.0,-100.0,-100.0,-100.0,-100.0,-100.0,-100.0,-100.0,6
-65,-100.0,-57,-100,-100.0,-100.0,-100.0,-67.0,-100.0,-100.0,-100.0,-57.0,-100.0,-100.0,-100.0,-100.0,-100.0,-100.0,-100.0,13
-78,-84.0,-76,-100,-79.0,-72.0,-100.0,-100.0,-100.0,-100.0,-100.0,-100.0,-100.0,-100.0,-100.0,-100.0,-100.0,-100.0,-100.0,6
-66,-100.0,-67,-100,-79.0,-70.0,-100.0,-100.0,-100.0,-100.0,-100.0,-100.0,-100.0,-100.0,-100.0,-100.0,-100.0,-100.0,-100.0,6
-48,-100.0,-44,-100,-100.0,-54.0,-57.0,-100.0,-100.0,-100.0,-58.0,-72.0,-100.0,-100.0,-73.0,-84.0,-100.0,-100.0,-100.0,9
-65,-100.0,-51,-71,-100.0,-100.0,-100.0,-100.0,-100.0,-100.0,-100.0,-54.0,-100.0,-100.0,-100.0,-100.0,-100.0,-100.0,-100.0,13
-54,-100.0,-52,-43,-100.0,-73.0,-44.0,-41.0,-100.0,-100.0,-100.0,-100.0,-71.0,-100.0,-67.0,-100.0,-100.0,-100.0,-100.0,11
-49,-100.0,-46,-100,-100.0,-56.0,-100.0,-58.0,-100.0,-100.0,-100.0,-100.0,-79.0,-65.0,-72.0,-100.0,-100.0,-100.0,-100.0,10
-66,-100.0,-68,-100,-65.0,-24.0,-100.0,-100.0,-100.0,-100.0,-100.0,-100.0,-100.0,-100.0,-100.0,-73.0,-100.0,-100.0,-83.0,5
-50,-100.0,-49,-100,-100.0,-53.0,-100.0,-63.0,-100.0,-100.0,-100.0,-100.0,-100.0,-100.0,-100.0,-100.0,-100.0,-100.0,-100.0,9
-48,-100.0,-47,-100,-100.0,-59.0,-52.0,-100.0,-100.0,-100.0,-55.0,-100.0,-100.0,-66.0,-100.0,-100.0,-100.0,-100.0,-100.0,9
-62,-100.0,-63,-100,-100.0,-43.0,-100.0,-100.0,-66.0,-100.0,-100.0,-100.0,-100.0,-100.0,-100.0,-100.0,-100.0,-100.0,-100.0,7
-53,-100.0,-50,-100,-100.0,-65.0,-50.0,-54.0,-100.0,-100.0,-47.0,-100.0,-100.0,-55.0,-58.0,-100.0,-100.0,-100.0,-100.0,11
-48,-87.0,-52,-100,-100.0,-50.0,-61.0,-100.0,-100.0,-100.0,-100.0,-100.0,-100.0,-100.0,-100.0,-100.0,-100.0,-100.0,-100.0,9
-49,-100.0,-42,-60,-100.0,-100.0,-64.0,-100.0,-100.0,-100.0,-61.0,-74.0,-100.0,-68.0,-100.0,-100.0,-100.0,-100.0,-100.0,9
-66,-100.0,-54,-77,-100.0,-100.0,-100.0,-100.0,-100.0,-100.0,-100.0,-61.0,-64.0,-100.0,-100.0,-100.0,-100.0,-100.0,-100.0,13
-100,-50.0,-79,-100,-66.0,-69.0,-100.0,-81.0,-100.0,-100.0,-83.0,-100.0,-100.0,-100.0,-100.0,-83.0,-100.0,-100.0,-100.0,8
-73,-67.0,-74,-87,-73.0,-67.0,-100.0,-100.0,-100.0,-100.0,-100.0,-100.0,-100.0,-100.0,-100.0,-82.0,-100.0,-100.0,-100.0,8
-61,-83.0,-51,-69,-69.0,-42.0,-100.0,-70.0,-100.0,-82.0,-100.0,-100.0,-100.0,-81.0,-100.0,-85.0,-100.0,-100.0,-100.0,5
-70,-86.0,-68,-100,-100.0,-63.0,-100.0,-100.0,-78.0,-100.0,-100.0,-100.0,-100.0,-100.0,-100.0,-100.0,-100.0,-100.0,-100.0,6
-72,-94.0,-75,-88,-100.0,-64.0,-100.0,-100.0,-78.0,-100.0,-100.0,-100.0,-100.0,-100.0,-100.0,-100.0,-100.0,-100.0,-100.0,6
-64,-100.0,-70,-77,-66.0,-42.0,-100.0,-75.0,-100.0,-100.0,-100.0,-100.0,-100.0,-100.0,-100.0,-60.0,-100.0,-100.0,-100.0,5
-64,-100.0,-53,-100,-100.0,-100.0,-100.0,-100.0,-100.0,-100.0,-100.0,-54.0,-74.0,-100.0,-100.0,-100.0,-100.0,-100.0,-100.0,13
-47,-100.0,-47,-60,-100.0,-58.0,-100.0,-58.0,-100.0,-100.0,-61.0,-100.0,-100.0,-63.0,-70.0,-100.0,-100.0,-100.0,-100.0,10
-65,-75.0,-68,-100,-76.0,-67.0,-100.0,-100.0,-85.0,-100.0,-100.0,-100.0,-100.0,-100.0,-100.0,-100.0,-100.0,-100.0,-100.0,6
-58,-100.0,-52,-100,-100.0,-100.0,-100.0,-100.0,-100.0,-100.0,-100.0,-56.0,-100.0,-100.0,-100.0,-100.0,-100.0,-100.0,-100.0,13
-69,-100.0,-56,-78,-100.0,-100.0,-100.0,-100.0,-100.0,-100.0,-75.0,-53.0,-59.0,-100.0,-100.0,-100.0,-100.0,-100.0,-100.0,12
-71,-78.0,-66,-100,-69.0,-100.0,-100.0,-72.0,-100.0,-100.0,-100.0,-100.0,-100.0,-100.0,-100.0,-81.0,-100.0,-100.0,-100.0,8
-53,-100.0,-48,-54,-100.0,-100.0,-100.0,-53.0,-100.0,-100.0,-53.0,-71.0,-100.0,-70.0,-76.0,-100.0,-100.0,-100.0,-100.0,10
-67,-94.0,-66,-100,-70.0,-54.0,-100.0,-70.0,-65.0,-100.0,-68.0,-81.0,-100.0,-68.0,-100.0,-73.0,-100.0,-100.0,-100.0,5
-100,-57.0,-83,-100,-66.0,-73.0,-100.0,-100.0,-100.0,-100.0,-86.0,-100.0,-100.0,-100.0,-100.0,-85.0,-100.0,-100.0,-100.0,8
-54,-100.0,-46,-100,-100.0,-64.0,-100.0,-100.0,-100.0,-100.0,-100.0,-73.0,-100.0,-59.0,-59.0,-100.0,-100.0,-100.0,-100.0,10
-70,-100.0,-66,-100,-100.0,-100.0,-100.0,-75.0,-100.0,-100.0,-100.0,-53.0,-63.0,-100.0,-100.0,-100.0,-100.0,-100.0,-100.0,12
-47,-100.0,-49,-59,-100.0,-58.0,-59.0,-100.0,-100.0,-100.0,-100.0,-100.0,-100.0,-100.0,-100.0,-100.0,-100.0,-100.0,-100.0,9
-56,-100.0,-46,-100,-100.0,-59.0,-100.0,-100.0,-100.0,-100.0,-100.0,-100.0,-72.0,-66.0,-76.0,-100.0,-100.0,-100.0,-100.0,10
-67,-76.0,-64,-71,-100.0,-56.0,-75.0,-100.0,-100.0,-100.0,-100.0,-100.0,-100.0,-100.0,-100.0,-100.0,-100.0,-100.0,-100.0,7
-58,-86.0,-55,-68,-70.0,-56.0,-100.0,-100.0,-100.0,-100.0,-100.0,-100.0,-100.0,-100.0,-100.0,-100.0,-100.0,-100.0,-100.0,7
-64,-78.0,-64,-79,-100.0,-63.0,-100.0,-100.0,-100.0,-100.0,-100.0,-100.0,-100.0,-100.0,-100.0,-100.0,-100.0,-100.0,-100.0,6
-59,-100.0,-64,-56,-100.0,-61.0,-56.0,-54.0,-100.0,-100.0,-56.0,-100.0,-100.0,-50.0,-100.0,-100.0,-100.0,-100.0,-100.0,11
-71,-100.0,-53,-100,-100.0,-100.0,-100.0,-100.0,-100.0,-100.0,-69.0,-54.0,-100.0,-100.0,-100.0,-100.0,-100.0,-100.0,-100.0,13
-67,-100.0,-56,-100,-100.0,-100.0,-100.0,-100.0,-100.0,-100.0,-100.0,-59.0,-69.0,-100.0,-100.0,-100.0,-100.0,-100.0,-100.0,13
-61,-100.0,-57,-68,-100.0,-100.0,-100.0,-100.0,-100.0,-100.0,-100.0,-61.0,-100.0,-100.0,-100.0,-100.0,-100.0,-100.0,-100.0,13
-68,-82.0,-71,-100,-100.0,-100.0,-100.0,-100.0,-100.0,-100.0,-100.0,-100.0,-100.0,-100.0,-100.0,-100.0,-100.0,-100.0,-100.0,7
-71,-100.0,-55,-69,-100.0,-100.0,-71.0,-100.0,-100.0,-100.0,-70.0,-44.0,-62.0,-82.0,-100.0,-100.0,-100.0,-100.0,-100.0,12
-71,-100.0,-56,-100,-62.0,-30.0,-100.0,-70.0,-100.0,-83.0,-71.0,-100.0,-100.0,-100.0,-100.0,-62.0,-100.0,-100.0,-100.0,5
-44,-100.0,-45,-100,-100.0,-61.0,-58.0,-100.0,-100.0,-100.0,-58.0,-70.0,-100.0,-67.0,-100.0,-100.0,-100.0,-100.0,-100.0,9
-39,-90.0,-38,-100,-100.0,-57.0,-60.0,-100.0,-100.0,-100.0,-63.0,-100.0,-100.0,-69.0,-100.0,-100.0,-100.0,-100.0,-100.0,9
-51,-85.0,-38,-100,-100.0,-61.0,-100.0,-55.0,-100.0,-100.0,-100.0,-100.0,-100.0,-100.0,-100.0,-100.0,-100.0,-100.0,-100.0,10
-60,-100.0,-54,-78,-100.0,-100.0,-77.0,-100.0,-100.0,-100.0,-74.0,-69.0,-67.0,-100.0,-100.0,-100.0,-100.0,-100.0,-100.0,13
-68,-100.0,-54,-100,-100.0,-100.0,-100.0,-100.0,-100.0,-100.0,-100.0,-48.0,-66.0,-100.0,-100.0,-100.0,-100.0,-100.0,-100.0,13
-65,-100.0,-53,-100,-100.0,-66.0,-100.0,-100.0,-100.0,-100.0,-100.0,-100.0,-100.0,-55.0,-64.0,-100.0,-100.0,-100.0,-100.0,11
-78,-75.0,-72,-85,-100.0,-71.0,-100.0,-100.0,-100.0,-100.0,-100.0,-100.0,-100.0,-100.0,-100.0,-100.0,-100.0,-100.0,-100.0,8
-62,-100.0,-53,-100,-100.0,-66.0,-100.0,-100.0,-100.0,-100.0,-100.0,-100.0,-100.0,-50.0,-63.0,-100.0,-100.0,-100.0,-100.0,11
-77,-82.0,-76,-100,-100.0,-75.0,-100.0,-100.0,-84.0,-100.0,-100.0,-100.0,-100.0,-100.0,-100.0,-100.0,-100.0,-100.0,-100.0,6
-57,-78.0,-62,-100,-71.0,-52.0,-79.0,-100.0,-76.0,-100.0,-100.0,-100.0,-100.0,-100.0,-100.0,-100.0,-100.0,-100.0,-100.0,6
-78,-72.0,-86,-100,-59.0,-68.0,-100.0,-100.0,-100.0,-100.0,-83.0,-100.0,-100.0,-100.0,-100.0,-80.0,-100.0,-100.0,-100.0,8
-56,-100.0,-56,-70,-69.0,-48.0,-100.0,-100.0,-100.0,-88.0,-100.0,-100.0,-100.0,-100.0,-89.0,-80.0,-100.0,-100.0,-100.0,5
-61,-100.0,-48,-100,-100.0,-100.0,-100.0,-100.0,-100.0,-100.0,-100.0,-63.0,-76.0,-100.0,-100.0,-100.0,-100.0,-100.0,-100.0,13
-75,-100.0,-79,-100,-81.0,-71.0,-100.0,-100.0,-82.0,-100.0,-100.0,-100.0,-100.0,-100.0,-100.0,-100.0,-89.0,-100.0,-100.0,6
-65,-100.0,-56,-100,-100.0,-100.0,-100.0,-100.0,-100.0,-100.0,-100.0,-53.0,-72.0,-100.0,-100.0,-100.0,-100.0,-100.0,-100.0,12
-67,-89.0,-68,-100,-74.0,-52.0,-100.0,-100.0,-71.0,-100.0,-79.0,-100.0,-100.0,-80.0,-100.0,-86.0,-100.0,-100.0,-100.0,5
-80,-71.0,-78,-100,-73.0,-71.0,-100.0,-84.0,-100.0,-100.0,-83.0,-100.0,-100.0,-100.0,-100.0,-84.0,-100.0,-100.0,-100.0,8
-69,-100.0,-61,-100,-56.0,-28.0,-100.0,-100.0,-68.0,-100.0,-100.0,-100.0,-100.0,-100.0,-91.0,-63.0,-100.0,-100.0,-100.0,5
-58,-100.0,-55,-42,-100.0,-70.0,-41.0,-100.0,-100.0,-100.0,-100.0,-100.0,-100.0,-58.0,-100.0,-100.0,-100.0,-100.0,-100.0,11
-64,-100.0,-56,-100,-100.0,-100.0,-100.0,-100.0,-100.0,-100.0,-100.0,-52.0,-64.0,-100.0,-100.0,-100.0,-100.0,-100.0,-100.0,13
-62,-77.0,-63,-82,-69.0,-60.0,-82.0,-100.0,-100.0,-100.0,-100.0,-100.0,-100.0,-100.0,-100.0,-100.0,-100.0,-100.0,-100.0,6
-55,-100.0,-46,-60,-100.0,-56.0,-100.0,-62.0,-100.0,-100.0,-62.0,-100.0,-100.0,-100.0,-100.0,-100.0,-100.0,-100.0,-100.0,10
-45,-85.0,-45,-62,-100.0,-51.0,-100.0,-100.0,-100.0,-100.0,-100.0,-72.0,-100.0,-100.0,-100.0,-100.0,-100.0,-100.0,-100.0,9
-75,-52.0,-73,-100,-61.0,-66.0,-77.0,-77.0,-100.0,-100.0,-100.0,-100.0,-100.0,-100.0,-100.0,-81.0,-100.0,-100.0,-100.0,8
-65,-78.0,-63,-76,-100.0,-68.0,-100.0,-100.0,-77.0,-100.0,-100.0,-100.0,-100.0,-100.0,-100.0,-100.0,-100.0,-100.0,-100.0,6
-70,-100.0,-56,-78,-100.0,-100.0,-100.0,-76.0,-100.0,-100.0,-100.0,-52.0,-100.0,-82.0,-100.0,-100.0,-100.0,-100.0,-100.0,12
-64,-100.0,-57,-100,-100.0,-74.0,-54.0,-100.0,-100.0,-100.0,-54.0,-100.0,-100.0,-52.0,-100.0,-100.0,-100.0,-100.0,-100.0,11
-69,-100.0,-60,-100,-100.0,-100.0,-100.0,-100.0,-100.0,-100.0,-100.0,-50.0,-68.0,-81.0,-100.0,-100.0,-100.0,-100.0,-100.0,12
-50,-100.0,-56,-100,-100.0,-48.0,-100.0,-62.0,-100.0,-100.0,-100.0,-100.0,-100.0,-100.0,-100.0,-100.0,-100.0,-100.0,-100.0,7
-62,-74.0,-62,-72,-73.0,-66.0,-74.0,-73.0,-100.0,-100.0,-74.0,-100.0,-100.0,-100.0,-100.0,-100.0,-100.0,-100.0,-100.0,8
-65,-69.0,-72,-74,-100.0,-70.0,-100.0,-75.0,-100.0,-100.0,-100.0,-100.0,-100.0,-100.0,-100.0,-79.0,-100.0,-100.0,-100.0,8
-50,-100.0,-44,-68,-100.0,-100.0,-100.0,-100.0,-100.0,-100.0,-100.0,-69.0,-73.0,-100.0,-100.0,-100.0,-100.0,-100.0,-100.0,13
-65,-76.0,-65,-100,-71.0,-61.0,-100.0,-100.0,-76.0,-100.0,-100.0,-100.0,-100.0,-100.0,-100.0,-100.0,-100.0,-100.0,-100.0,7
-71,-77.0,-63,-100,-77.0,-66.0,-100.0,-100.0,-79.0,-100.0,-100.0,-100.0,-100.0,-100.0,-100.0,-100.0,-100.0,-100.0,-100.0,6
-58,-80.0,-55,-100,-73.0,-58.0,-71.0,-100.0,-100.0,-89.0,-68.0,-100.0,-100.0,-100.0,-100.0,-100.0,-100.0,-100.0,-100.0,7
-53,-100.0,-51,-100,-100.0,-61.0,-100.0,-55.0,-100.0,-100.0,-100.0,-72.0,-100.0,-58.0,-68.0,-100.0,-100.0,-100.0,-100.0,10
-51,-100.0,-47,-61,-100.0,-100.0,-100.0,-100.0,-100.0,-100.0,-100.0,-61.0,-73.0,-100.0,-100.0,-100.0,-100.0,-100.0,-100.0,13
-68,-100.0,-68,-100,-60.0,-44.0,-100.0,-100.0,-59.0,-100.0,-100.0,-100.0,-100.0,-100.0,-100.0,-64.0,-100.0,-100.0,-100.0,5
-54,-100.0,-45,-100,-100.0,-58.0,-100.0,-100.0,-100.0,-100.0,-54.0,-65.0,-100.0,-100.0,-100.0,-100.0,-100.0,-100.0,-100.0,10
-59,-100.0,-63,-100,-100.0,-53.0,-67.0,-100.0,-100.0,-100.0,-100.0,-100.0,-100.0,-100.0,-100.0,-100.0,-100.0,-100.0,-100.0,7
-38,-100.0,-50,-100,-100.0,-68.0,-60.0,-100.0,-100.0,-100.0,-100.0,-100.0,-100.0,-100.0,-81.0,-100.0,-100.0,-100.0,-100.0,9
-58,-100.0,-54,-100,-100.0,-68.0,-100.0,-46.0,-100.0,-100.0,-78.0,-100.0,-64.0,-58.0,-100.0,-100.0,-100.0,-100.0,-100.0,11
-55,-77.0,-64,-100,-100.0,-59.0,-100.0,-100.0,-100.0,-100.0,-100.0,-100.0,-100.0,-100.0,-100.0,-100.0,-100.0,-100.0,-100.0,7
-67,-83.0,-63,-73,-100.0,-64.0,-74.0,-100.0,-100.0,-100.0,-100.0,-100.0,-100.0,-100.0,-100.0,-100.0,-100.0,-100.0,-100.0,6
-62,-100.0,-53,-100,-100.0,-100.0,-55.0,-100.0,-100.0,-100.0,-100.0,-100.0,-100.0,-68.0,-69.0,-100.0,-100.0,-100.0,-100.0,11
-64,-100.0,-60,-100,-100.0,-100.0,-100.0,-100.0,-100.0,-100.0,-100.0,-47.0,-71.0,-100.0,-100.0,-100.0,-100.0,-100.0,-100.0,12
-59,-100.0,-58,-100,-100.0,-100.0,-100.0,-100.0,-100.0,-100.0,-100.0,-55.0,-100.0,-100.0,-100.0,-100.0,-100.0,-100.0,-100.0,13
-72,-81.0,-74,-100,-100.0,-71.0,-100.0,-100.0,-100.0,-100.0,-100.0,-100.0,-100.0,-100.0,-100.0,-100.0,-88.0,-100.0,-100.0,6
-47,-88.0,-46,-61,-100.0,-100.0,-60.0,-100.0,-100.0,-100.0,-59.0,-100.0,-100.0,-100.0,-76.0,-100.0,-100.0,-100.0,-100.0,9
-51,-100.0,-49,-100,-100.0,-61.0,-100.0,-59.0,-100.0,-100.0,-57.0,-100.0,-100.0,-100.0,-72.0,-100.0,-100.0,-100.0,-100.0,10
-56,-100.0,-43,-100,-100.0,-66.0,-100.0,-52.0,-100.0,-100.0,-100.0,-68.0,-100.0,-64.0,-70.0,-100.0,-100.0,-100.0,-100.0,10
-69,-100.0,-54,-100,-100.0,-77.0,-100.0,-100.0,-100.0,-100.0,-100.0,-55.0,-100.0,-100.0,-100.0,-100.0,-100.0,-100.0,-100.0,12
-72,-100.0,-68,-100,-79.0,-63.0,-100.0,-100.0,-83.0,-100.0,-100.0,-100.0,-100.0,-100.0,-100.0,-100.0,-100.0,-100.0,-100.0,6
-67,-100.0,-48,-100,-100.0,-64.0,-100.0,-100.0,-100.0,-100.0,-100.0,-74.0,-100.0,-50.0,-100.0,-100.0,-100.0,-100.0,-100.0,10
-64,-100.0,-65,-100,-100.0,-39.0,-100.0,-100.0,-66.0,-81.0,-75.0,-100.0,-100.0,-100.0,-100.0,-56.0,-100.0,-100.0,-100.0,5
-71,-74.0,-65,-100,-74.0,-64.0,-100.0,-78.0,-100.0,-100.0,-75.0,-100.0,-100.0,-100.0,-100.0,-81.0,-100.0,-100.0,-100.0,8
-65,-79.0,-68,-67,-100.0,-62.0,-100.0,-100.0,-100.0,-100.0,-70.0,-100.0,-100.0,-100.0,-100.0,-83.0,-100.0,-100.0,-100.0,8
-71,-100.0,-60,-100,-100.0,-86.0,-100.0,-100.0,-100.0,-100.0,-100.0,-51.0,-74.0,-100.0,-100.0,-100.0,-100.0,-100.0,-100.0,12
-46,-100.0,-44,-67,-100.0,-63.0,-66.0,-67.0,-100.0,-100.0,-62.0,-100.0,-100.0,-67.0,-100.0,-100.0,-100.0,-100.0,-100.0,9
-60,-100.0,-59,-100,-69.0,-46.0,-100.0,-100.0,-100.0,-100.0,-100.0,-100.0,-100.0,-100.0,-100.0,-100.0,-100.0,-100.0,-100.0,7
-70,-100.0,-67,-70,-68.0,-44.0,-70.0,-100.0,-72.0,-100.0,-71.0,-100.0,-100.0,-82.0,-91.0,-78.0,-100.0,-100.0,-100.0,5
-72,-100.0,-57,-100,-100.0,-100.0,-100.0,-100.0,-100.0,-100.0,-100.0,-50.0,-70.0,-100.0,-100.0,-100.0,-100.0,-100.0,-100.0,12
-62,-100.0,-52,-45,-100.0,-59.0,-100.0,-100.0,-100.0,-100.0,-48.0,-100.0,-100.0,-64.0,-100.0,-100.0,-100.0,-100.0,-100.0,11
-47,-100.0,-44,-59,-100.0,-47.0,-57.0,-100.0,-100.0,-100.0,-60.0,-69.0,-100.0,-100.0,-100.0,-100.0,-100.0,-100.0,-100.0,9
-67,-100.0,-69,-100,-75.0,-60.0,-100.0,-100.0,-78.0,-100.0,-100.0,-100.0,-100.0,-100.0,-100.0,-100.0,-100.0,-100.0,-100.0,6
-65,-74.0,-54,-100,-65.0,-48.0,-100.0,-100.0,-100.0,-85.0,-100.0,-100.0,-100.0,-100.0,-100.0,-100.0,-100.0,-100.0,-100.0,7
